"gene","module"
"RPS4Y1","salmon"
"EIF1AY","salmon"
"RPS4Y2","salmon"
"MAOA","grey"
"ACTN3","grey"
"HLA-A","grey"
"HLA-DRB3","grey"
"IGFN1","turquoise"
"HBA1","grey"
"SERPINA5","grey"
"HLA-DQA1","grey"
"ATP5MK","turquoise"
"HBA2","grey"
"CAPZA1","grey"
"TLCD3B","turquoise"
"NMRK2","turquoise"
"PDK4","grey"
"HBB","grey"
"USP54","greenyellow"
"GADD45G","black"
"HBD","grey"
"SLPI","blue"
"ANKRD1","grey"
"TMEM70","salmon"
"CDKN1A","blue"
"CALML6","yellow"
"ACTA2","red"
"MYH8","blue"
"KDM5D","salmon"
"MYBPH","grey"
"HMGCS2","grey"
"ACTC1","pink"
"FOXO1","greenyellow"
"KLHL34","turquoise"
"HBG2","grey"
"MT1X","greenyellow"
"DLK1","yellow"
"SLC16A3","turquoise"
"FRZB","brown"
"HLA-DRB5","grey"
"TPPP3","pink"
"C1D","turquoise"
"G0S2","grey"
"RRAD","red"
"TFRC","turquoise"
"MYH1","grey"
"NNMT","blue"
"RPL14","black"
"ADH1B","blue"
"HLA-DRB4","blue"
"MYH11","red"
"FBP2","turquoise"
"RERGL","blue"
"FKBP5","greenyellow"
"NQO2","turquoise"
"CCN2","red"
"SH3RF2","blue"
"RPH3AL","grey"
"HBG1","grey"
"POMZP3","turquoise"
"SCGB1D2","turquoise"
"UBA52","grey"
"C1QB","tan"
"AKR1C2","grey"
"ANKRD2","grey"
"BTG2","blue"
"LINC00339","grey"
"PLVAP","red"
"C4orf54","brown"
"CITED2","yellow"
"SH2D1B","salmon"
"COL3A1","grey"
"MFAP5","pink"
"CFAP61","blue"
"SOX18","red"
"ADH1C","blue"
"PCOLCE2","pink"
"MLF1","black"
"GCSH","turquoise"
"ALPK2","grey"
"AKR1C3","grey"
"SLC38A1","turquoise"
"RRP12","grey"
"MTFP1","turquoise"
"TNFRSF12A","grey"
"CHAD","greenyellow"
"SLC25A25","grey"
"THBS4","pink"
"LRRC3B","grey"
"CDC14B","turquoise"
"SGK1","grey"
"MT1H","blue"
"NHERF2","red"
"BASP1-AS1","yellow"
"S100A6","pink"
"TTN","cyan"
"GLT1D1","turquoise"
"ECEL1","turquoise"
"LDHB","turquoise"
"ADH1A","blue"
"GATM","grey"
"MLLT11","turquoise"
"UTY","salmon"
"IL32","grey"
"S100A4","pink"
"GSTT1","grey"
"GPAT3","black"
"LUM","pink"
"ZFP36","blue"
"MT1JP","yellow"
"HYAL4","salmon"
"MYOD1","blue"
"FOLR2","tan"
"NEDD1","brown"
"RYR3","grey"
"IFITM1","magenta"
"PAQR9","turquoise"
"ANAPC1","turquoise"
"PTGDS","red"
"FLNA","red"
"GSTM1","turquoise"
"NDUFS1","brown"
"CA4","grey"
"LRP1B","yellow"
"TMEM9","brown"
"AKR1C1","grey"
"GSDMC","grey"
"MLLT1","midnightblue"
"FASTKD1","turquoise"
"MXRA5","grey"
"MYL5","grey"
"CCN3","pink"
"RPL9","black"
"USP9Y","salmon"
"LPL","grey"
"RSPO3","turquoise"
"ANKRD37","greenyellow"
"ZNF417","yellow"
"HSPB6","grey"
"GGT7","salmon"
"HLA-DPA1","tan"
"ZBTB16","blue"
"CKB","grey"
"SLC25A33","blue"
"RCAN2","turquoise"
"APOD","greenyellow"
"EPB41L3","pink"
"OGN","grey"
"SOCS2","brown"
"MYOZ2","grey"
"CCN5","pink"
"SLC25A12","turquoise"
"CIAO2A","brown"
"RRAS2","turquoise"
"THNSL2","grey"
"LMO2","turquoise"
"PAQR4","turquoise"
"CYP1B1","pink"
"NAPRT","blue"
"OLFM1","brown"
"NUDT2","turquoise"
"CRIP1","pink"
"LOXL4","blue"
"MAP3K7CL","greenyellow"
"TRPT1","turquoise"
"APOBEC3A","yellow"
"FKBP14","yellow"
"SLC43A2","blue"
"CFD","red"
"CASTOR3P","red"
"MRPL57","yellow"
"AURKA","salmon"
"CXCL14","blue"
"HSPB1","yellow"
"PNPLA7","blue"
"UCHL1","grey"
"CCDC3","pink"
"LGI1","yellow"
"ARRDC2","black"
"MYOC","yellow"
"HYAL1","grey"
"SLC7A6","greenyellow"
"JCHAIN","tan"
"PRSS23","turquoise"
"DEPP1","grey"
"UCP3","turquoise"
"HSPA2","grey"
"CLU","red"
"SLC26A4","yellow"
"KLF15","grey"
"MRFAP1L1","green"
"USP6","blue"
"FNDC5","lightcyan"
"EXOSC2","yellow"
"CEBPD","grey"
"FABP7","grey"
"CD74","tan"
"CSRP1","red"
"ELMOD3","midnightblue"
"S100A1","turquoise"
"NFKBIA","grey"
"CA14","turquoise"
"ID1","red"
"RASIP1","red"
"TIMM10","grey"
"TMEM17","yellow"
"IRS1","turquoise"
"DGCR6","green"
"NPR3","brown"
"UCP2","grey"
"VWF","red"
"DPT","pink"
"NOTUM","yellow"
"KLF13","greenyellow"
"CLEC3B","pink"
"ASPN","grey"
"TXNIP","grey"
"CCDC69","green"
"ZFP36L1","blue"
"SH3KBP1","turquoise"
"ZMAT3","yellow"
"DNAAF6","yellow"
"ABRA","blue"
"NUDT8","turquoise"
"HACD1","turquoise"
"TAGLN","red"
"BHLHE40","red"
"DMC1","yellow"
"NDUFA5","black"
"TPI1P2","turquoise"
"S100A10","pink"
"CMKLR2","yellow"
"MT1M","yellow"
"MCM8","yellow"
"MYH9","red"
"MYL6B","salmon"
"DHCR24","grey"
"PDXDC2P-NPIPB14P","grey"
"XIRP1","grey"
"ADIRF","blue"
"PMP22","blue"
"AVPI1","blue"
"TUBGCP4","yellow"
"FEZ2","greenyellow"
"IL17D","grey"
"HLA-B","tan"
"OVOL2","yellow"
"ZNF430","yellow"
"AQP4","brown"
"DAAM2","turquoise"
"IFI27","magenta"
"DUSP19","yellow"
"MS4A6A","tan"
"JUND","greenyellow"
"XPO4","grey"
"SEMA3C","black"
"PYROXD2","grey"
"PINK1","green"
"KCNH6","yellow"
"KIF25","grey"
"EGR1","magenta"
"CCND1","yellow"
"DDIT4L","turquoise"
"MTURN","grey"
"USH1G","midnightblue"
"LYZ","tan"
"TIMP1","pink"
"NUBP2","yellow"
"NXPE2","yellow"
"PIP4K2B","yellow"
"NRG4","lightcyan"
"GPNMB","salmon"
"PDLIM2","grey"
"FAM107A","blue"
"COL1A2","grey"
"SLITRK4","grey"
"CSF3","black"
"ADAMTS5","pink"
"TSPAN8","grey"
"DMD","yellow"
"APOO","turquoise"
"FOS","blue"
"SELENOM","blue"
"KAZALD1","turquoise"
"NFIC","cyan"
"DMRT2","turquoise"
"CD300LG","magenta"
"ZDHHC2","black"
"SEMA3E","yellow"
"ANKLE1","yellow"
"ANGPTL2","pink"
"ANKRD44","yellow"
"SWSAP1","yellow"
"DIP2B","yellow"
"CAST","black"
"MTCP1","turquoise"
"CHRNA1","tan"
"NR1D1","turquoise"
"NUPR1","grey"
"MT2A","blue"
"EIF5A","turquoise"
"CYP4B1","blue"
"MGP","pink"
"RBM3","salmon"
"IGF1","brown"
"TMSB4XP1","black"
"CDCA7L","turquoise"
"SOD3","red"
"PPDPF","yellow"
"AKR1C4","grey"
"TMSB4X","black"
"TEP1","yellow"
"MYOM3","green"
"AMPD3","pink"
"KLF10","blue"
"RPS6KB2","turquoise"
"SLCO1A2","turquoise"
"FN1","pink"
"CYP2J2","turquoise"
"SYNJ2BP","brown"
"CSRP3","grey"
"EXOSC7","yellow"
"SCT","turquoise"
"LINC00310","blue"
"ID3","red"
"IER5","blue"
"C5orf24","yellow"
"CEP19","yellow"
"FABP4","magenta"
"XIAP","yellow"
"RGPD4","yellow"
"FBXO32","grey"
"TUBA3C","black"
"COQ10A","turquoise"
"PDLIM1","grey"
"ZNF14","yellow"
"PTPN3","turquoise"
"EXTL1","grey"
"PRG4","pink"
"PTPN4","cyan"
"EIF2S3","grey"
"TBC1D1","turquoise"
"LGI4","blue"
"IFI6","magenta"
"HLA-DRA","tan"
"MYH3","pink"
"APOE","blue"
"MAFG","blue"
"TSC22D1","greenyellow"
"FYTTD1","black"
"PPP1R16A","red"
"SYAP1","yellow"
"ESAM","red"
"NIBAN1","black"
"VASP","red"
"PDLIM5","yellow"
"SCD","blue"
"KLHL28","yellow"
"FUT6","yellow"
"PRADC1","turquoise"
"NT5C2","yellow"
"TMEM267","yellow"
"FN3K","grey"
"FLRT3","yellow"
"SEPTIN5","blue"
"HLA-E","tan"
"ZNF665","yellow"
"KCNJ2","yellow"
"TOMM40L","turquoise"
"ALDH1A1","salmon"
"TUBB4B","grey"
"PCOLCE","pink"
"COL6A2","pink"
"APLNR","magenta"
"C1orf54","turquoise"
"C1S","pink"
"GPD1","turquoise"
"LDAF1","yellow"
"IDO2","midnightblue"
"MARCHF3","turquoise"
"SF3A3","grey"
"CATSPER2","yellow"
"AHR","yellow"
"EFHD1","red"
"CIART","grey"
"NME2","turquoise"
"HLA-C","tan"
"SCIN","yellow"
"SMN1","black"
"IGFBP7","pink"
"POLR2E","grey"
"H2AC20","grey"
"RGS3","lightcyan"
"TRIM63","grey"
"TEF","grey"
"ZNF33A","yellow"
"IGFBP6","pink"
"GPT2","grey"
"ZNF415","turquoise"
"EXO5","yellow"
"C9orf85","yellow"
"FBXW8","grey"
"ASS1","grey"
"FMO3","greenyellow"
"S100A8","grey"
"CKMT2","turquoise"
"NFATC3","yellow"
"IFRD1","greenyellow"
"PPA2","black"
"SERTAD1","red"
"CHAF1B","grey"
"NINJ2","grey"
"FBN1","pink"
"ZNF786","yellow"
"HLA-DPB1","tan"
"LMOD1","grey"
"HCFC1R1","green"
"ZNF542P","yellow"
"DLEU1","turquoise"
"TCIM","magenta"
"IPO7","brown"
"PUDP","grey"
"ZNF623","yellow"
"NFAT5","yellow"
"IDO1","magenta"
"LRRN1","grey"
"HOXB2","turquoise"
"TRIM74","yellow"
"ICAM2","red"
"DCUN1D5","brown"
"PHKA1","turquoise"
"HTRA3","red"
"LDHA","turquoise"
"GIMAP7","magenta"
"CSF1R","tan"
"POMC","grey"
"OLAH","yellow"
"MOB3C","red"
"IDI2","grey"
"CSRP2","blue"
"ISG15","magenta"
"PRKAG1","turquoise"
"KCNB1","turquoise"
"C3","blue"
"RGCC","red"
"ETFDH","turquoise"
"BCAR3","grey"
"ANXA1","pink"
"ERAP2","yellow"
"PFKFB1","turquoise"
"PTPN20","turquoise"
"DEXI","lightcyan"
"WDR12","turquoise"
"RABEP1","turquoise"
"ACSS1","blue"
"CPVL","grey"
"APOLD1","grey"
"CMC2","turquoise"
"CREB1","yellow"
"PIK3IP1","grey"
"PFKL","grey"
"DDX5","greenyellow"
"LONRF1","brown"
"HES4","red"
"DDAH1","blue"
"IL18","yellow"
"TTF2","yellow"
"FBLN2","pink"
"FAM210B","green"
"CLIP1","cyan"
"HLA-DMA","tan"
"COL8A1","red"
"AMOT","turquoise"
"GPIHBP1","red"
"CILP","pink"
"TYRP1","grey"
"ZNF136","yellow"
"PCMTD1","brown"
"COX11","grey"
"ART5","blue"
"SMTNL2","green"
"PDGFRB","magenta"
"MSH3","yellow"
"BLZF1","yellow"
"ABLIM2","yellow"
"MIR22HG","greenyellow"
"ITIH4","grey"
"FAM217B","yellow"
"IRX3","salmon"
"LAMC1","yellow"
"SREBF1","greenyellow"
"GABPB2","yellow"
"TCP10L","yellow"
"ST8SIA5","turquoise"
"ACOT11","grey"
"CLDN5","red"
"ZNF454","yellow"
"RNASE1","pink"
"SPATC1L","yellow"
"PER1","grey"
"UNC45A","yellow"
"TUBA1B","red"
"CLIC5","brown"
"VSIG1","yellow"
"IL33","purple"
"MRPL41","turquoise"
"FLNC","black"
"PDGFRL","pink"
"ABCC12","grey"
"IGFBP3","grey"
"RAB3A","brown"
"LRRFIP1","yellow"
"OLIG3","turquoise"
"MYH6","turquoise"
"CCAR1","cyan"
"PPIF","turquoise"
"KRT31","turquoise"
"NUBPL","yellow"
"TMEM52","blue"
"PRKAA2","cyan"
"RASL10B","grey"
"GPR155","yellow"
"TPSAB1","tan"
"MRPS6","blue"
"NRAP","green"
"TNK2","blue"
"SLC24A3","brown"
"TNNI1","grey"
"HLA-DRB1","grey"
"CEBPB","blue"
"TMSB4XP6","grey"
"SHCBP1","yellow"
"COLGALT2","blue"
"IGFBP4","magenta"
"NDUFAF1","grey"
"MRPL24","grey"
"CTHRC1","grey"
"IGF2","yellow"
"PBX3-DT","yellow"
"SNX20","grey"
"TMSB4XP2","grey"
"GOLGA2","yellow"
"CD151","yellow"
"TXNL1","black"
"MAP6D1","lightcyan"
"ARG2","grey"
"DLAT","turquoise"
"BCO2","grey"
"SFRP1","blue"
"ABHD18","yellow"
"SNURF","salmon"
"ABR","red"
"LYPLA1","turquoise"
"ADPRHL1","salmon"
"SLC1A4","green"
"MUC20","salmon"
"TIMP3","red"
"ARSG","yellow"
"NDN","grey"
"VEGFB","green"
"MEGF10","grey"
"ACKR1","red"
"PTN","red"
"SCN4B","turquoise"
"INIP","yellow"
"PER2","blue"
"ZNF549","yellow"
"ITM2A","pink"
"TAPT1-AS1","yellow"
"MRC1","tan"
"MRTO4","yellow"
"SLC38A4","grey"
"ITGB1BP1","turquoise"
"FAM200A","yellow"
"ZBED1","turquoise"
"CAV1","magenta"
"HEY1","magenta"
"CRADD","turquoise"
"BARD1","grey"
"ATG10","yellow"
"GPCPD1","brown"
"CIMAP1D","grey"
"AIMP2","turquoise"
"BCL6B","magenta"
"SPC25","turquoise"
"COL4A2","grey"
"LIAS","brown"
"ABCC13","yellow"
"ANXA2","pink"
"IFI44L","magenta"
"MIGA1","yellow"
"NANOS1","grey"
"GBP4","magenta"
"MSTN","grey"
"SNRPN","salmon"
"MX1","magenta"
"ST3GAL6","grey"
"RRAGD","turquoise"
"CHRNA5","yellow"
"BGN","yellow"
"C2orf15","yellow"
"NPIPA1","yellow"
"GOLIM4","cyan"
"MRPL36","black"
"CLEC2B","grey"
"TRDN","brown"
"FAM210A","turquoise"
"EIF4EBP1","turquoise"
"HIBCH","turquoise"
"SON","cyan"
"FABP5","magenta"
"MIR1-1HG","blue"
"SDHC","turquoise"
"PPM1K","grey"
"ALDH5A1","grey"
"CENPV","lightcyan"
"DGCR6L","grey"
"SLC1A7","red"
"GNPNAT1","yellow"
"GJA4","red"
"TPI1","turquoise"
"DHFR","turquoise"
"AIF1L","red"
"ATP23","grey"
"FABP3","turquoise"
"FSIP2","grey"
"HYI","yellow"
"H2AC18","grey"
"PPARGC1A","turquoise"
"TGFBI","pink"
"MTLN","turquoise"
"SDC3","red"
"CD36","grey"
"ANK1","black"
"SLC7A11","yellow"
"CSRNP1","red"
"BDH1","turquoise"
"ZNG1C","black"
"SIRPA","blue"
"CDKN2C","green"
"SAMD4A","grey"
"RNF122","blue"
"ECRG4","grey"
"TMT1A","blue"
"COL4A1","grey"
"N4BP2","yellow"
"FGF7P6","black"
"TP53INP2","turquoise"
"XPNPEP3","yellow"
"OVOS2P","grey"
"KBTBD6","yellow"
"LIMK1","grey"
"SGK3","yellow"
"HSD11B1","pink"
"LGALS1","blue"
"HSPA1A","blue"
"SRPK3","grey"
"MTCH2","turquoise"
"HIBADH","turquoise"
"DYNLL1","blue"
"MAT2A","blue"
"PTER","grey"
"BCL6","blue"
"COLQ","grey"
"APPL1","brown"
"SAA1","tan"
"KDM6A","grey"
"ATOH8","blue"
"TATDN1","black"
"ASB11","grey"
"SLC7A5P2","turquoise"
"ABCB7","brown"
"FBXL22","yellow"
"CNTFR","grey"
"IMMT","turquoise"
"STON1","yellow"
"COL4A3","blue"
"ASB12","turquoise"
"UFD1","brown"
"ICMT","turquoise"
"CDKN1C","yellow"
"A2M","grey60"
"DNAJC15","black"
"CLEC11A","turquoise"
"ACADSB","brown"
"HBEGF","turquoise"
"NDRG2","green"
"KRT10-AS1","turquoise"
"LAMB3","turquoise"
"RBP1","turquoise"
"RPS26","yellow"
"ACOX2","grey"
"PLAU","pink"
"MAMSTR","yellow"
"LTBP4","pink"
"CERS6","salmon"
"ENPP5","turquoise"
"HIGD1B","magenta"
"LMO1","turquoise"
"JPH2","grey"
"DRC8","grey"
"ANGPT1","grey"
"FBXL17","brown"
"SHISA4","green"
"TRIB1","blue"
"ARPP21","greenyellow"
"ITGAE","brown"
"CHST15","salmon"
"PENK","pink"
"NKAIN1","grey"
"AKR1B10","turquoise"
"HEXIM2","turquoise"
"TLE1","grey"
"TMEM108","grey"
"E2F3","turquoise"
"ALDH1A2","blue"
"H3-3B","greenyellow"
"ACKR3","purple"
"ZRANB1","turquoise"
"HOMER3","green"
"NTPCR","turquoise"
"RXRG","turquoise"
"SRSF11","cyan"
"THBD","red"
"HDAC9","turquoise"
"RTN4IP1","turquoise"
"IFITM3","red"
"DUSP10","grey"
"TPM4","pink"
"AP5M1","turquoise"
"ABCA8","pink"
"H2BC5","turquoise"
"DNM1L","brown"
"TMEM120A","green"
"GLUL","blue"
"TMEM182","brown"
"CCNG1","black"
"TMSB4XP4","pink"
"ZNF266","blue"
"HSD17B7","yellow"
"GOLGA4","brown"
"DCN","pink"
"SLC1A3","grey"
"CAMK2N1","magenta"
"ABCA5","purple"
"HOXA4","blue"
"MFAP4","red"
"PRPH2","grey"
"PECAM1","red"
"FST","blue"
"PHKB","turquoise"
"MYBPC2","turquoise"
"SLC4A7","brown"
"GSN","pink"
"SLC25A23","turquoise"
"NCEH1","brown"
"LACTB","turquoise"
"CASQ2","grey"
"SMOC2","yellow"
"SPSB1","blue"
"GNL3L","yellow"
"OXCT1","grey"
"RSU1","yellow"
"CRLF1","red"
"ST3GAL5","turquoise"
"XRCC2","yellow"
"ATP5MJ","turquoise"
"KIF1B","grey"
"PLP2","grey"
"BCL2","turquoise"
"LYVE1","yellow"
"ATP1B4","blue"
"MRAS","blue"
"MICA","yellow"
"DDIT4","yellow"
"CACNG1","blue"
"ABHD3","blue"
"H2AJ","grey"
"ABLIM1","pink"
"SPARCL1","magenta"
"OAZ2","grey"
"RDH5","red"
"SYNPO2L","cyan"
"COX7A2P2","black"
"TNFRSF10B","blue"
"EYA1","turquoise"
"MAGEB10","yellow"
"STRADB","turquoise"
"HDAC4","blue"
"RPL7","black"
"MYF6","grey"
"GDE1","turquoise"
"ATP2A1","grey"
"MFGE8","red"
"C1orf122","turquoise"
"COQ3","turquoise"
"DNASE2","grey"
"DECR1","turquoise"
"VIM","pink"
"SMYD2","turquoise"
"TP63","greenyellow"
"PHTF2","grey60"
"MXRA7","yellow"
"GASK1B","magenta"
"MSS51","black"
"ENG","pink"
"KIR3DX1","yellow"
"SC5D","brown"
"GIMAP4","magenta"
"ARHGDIB","red"
"ACSL1","turquoise"
"MYL3","grey"
"ACTN4","yellow"
"SYTL2","grey"
"LDLR","grey"
"TMEM14B","black"
"SLC25A46","brown"
"NDUFAF7","yellow"
"NPRL3","blue"
"TUBA4A","grey"
"CDC37L1","brown"
"NUDT4","turquoise"
"TMEM140","grey"
"OSBPL7","grey"
"MMRN2","red"
"UBALD2","turquoise"
"PSMB9","magenta"
"SCN11A","yellow"
"TM4SF18","purple"
"PSMD8","grey"
"TMBIM4","yellow"
"GLIPR2","pink"
"GPSM2","grey"
"TNFAIP2","grey"
"PANK1","grey"
"RASA4","grey"
"SQSTM1","grey"
"PXDC1","blue"
"MMD","blue"
"ANKHD1","blue"
"MTRR","black"
"H1-10","yellow"
"GAB2","grey"
"RFLNB","magenta"
"ATP5F1C","turquoise"
"PCBP4","lightgreen"
"CFAP68","yellow"
"SLC30A9","brown"
"GET1","brown"
"ITGB1BP2","turquoise"
"DPYSL2","purple"
"BMAL1","grey"
"MGST1","blue"
"DNAJC25-GNG10","black"
"PPCS","black"
"ALDH1B1","turquoise"
"ESR1","grey"
"RBPMS2","red"
"TYROBP","tan"
"PABPC4","green"
"NT5C3A","brown"
"MTX2","turquoise"
"IFFO1","salmon"
"OIP5","grey"
"TYMP","magenta"
"CMBL","grey"
"NDUFAF4","brown"
"MEPCE","yellow"
"CTNNBIP1","brown"
"MTRES1","turquoise"
"HPGD","pink"
"IDH3A","green"
"MYDGF","red"
"LXN","magenta"
"TMSB4XP8","pink"
"PWWP3B","purple"
"CMPK1","black"
"IQGAP1","red"
"MYBBP1A","green"
"PSTPIP2","brown"
"PDE4B","greenyellow"
"PLGRKT","turquoise"
"RARRES2","blue"
"E2F8","turquoise"
"SIRT5","turquoise"
"CBR4","yellow"
"MAF","brown"
"PCBD2","turquoise"
"SLFN13","yellow"
"HOMER2","turquoise"
"H1-2","grey"
"RAB40B","grey"
"FAM174C","red"
"TRIM58","yellow"
"ACTG1","greenyellow"
"TMEM126A","turquoise"
"CISD1","brown"
"EPB41L4A-AS1","grey"
"GNG11","magenta"
"CRIP2","pink"
"PCSK5","magenta"
"TP53TG1","black"
"CAV2","purple"
"NEURL2","turquoise"
"HSDL2","brown"
"VWA1","red"
"SKAP2","blue"
"LACTB2","turquoise"
"METTL21A","yellow"
"TMEM158","blue"
"HDDC3","turquoise"
"FBLN1","blue"
"CD164","black"
"UBE2Q2","black"
"TOM1","yellow"
"DMPK","grey"
"MTARC2","turquoise"
"COL22A1","grey"
"RYBP","blue"
"TMEM161A","blue"
"EGF","salmon"
"COTL1","tan"
"NRIP1","salmon"
"SUCLA2","turquoise"
"IRF2BPL","grey"
"COL21A1","grey"
"ZNF148","cyan"
"VN1R2","midnightblue"
"BRD4","cyan"
"VLDLR","turquoise"
"CHURC1","midnightblue"
"RASD1","blue"
"CYBRD1","pink"
"ZSCAN31","blue"
"LINC00312","brown"
"PPP1R3C","turquoise"
"KLF5","greenyellow"
"DAPP1","yellow"
"ADCY9","lightcyan"
"CYCS","turquoise"
"RIC8B","brown"
"FAP","pink"
"CCNL2","blue"
"EEF1A1","pink"
"ANKRD27","greenyellow"
"MSRB3","yellow"
"UACA","grey"
"IRF7","magenta"
"DDIT3","grey"
"NEXN","grey"
"PPTC7","brown"
"IRF1","tan"
"PBOV1","yellow"
"AKAP19","turquoise"
"NOSTRIN","red"
"FAM216A","turquoise"
"ANGPTL4","blue"
"ADAMTSL4","blue"
"SCN1B","grey"
"TWF2","green"
"SNRNP70","yellow"
"DDT","grey"
"RND3","brown"
"GUCY1A1","magenta"
"SULT1A1","yellow"
"CBX1","blue"
"TUBA1A","red"
"ALDH4A1","grey"
"DUSP1","blue"
"ACTN2","green"
"ETNPPL","turquoise"
"NFIL3","greenyellow"
"PYCARD","tan"
"P4HA1","grey"
"SH3BGRL3","pink"
"TAB2","black"
"MYH14","grey"
"ME1","brown"
"C1QTNF3","grey"
"CHRDL2","red"
"FCGR3A","grey"
"SFXN4","turquoise"
"TENT5A","blue"
"PHLDA3","green"
"CRIM1","greenyellow"
"MMP2","pink"
"WARS1","red"
"NRN1","magenta"
"PEX6","grey"
"FNBP4","yellow"
"DNAJA4","grey"
"FSTL1","pink"
"DUSP3","brown"
"MKNK2","green"
"EMP1","yellow"
"CD34","red"
"ATP5MC3","turquoise"
"ZNF385B","grey"
"DESI2","cyan"
"MRPL35","turquoise"
"ST6GAL1","grey"
"SLC25A15","turquoise"
"NR1D2","brown"
"LAMA5","red"
"IP6K3","grey"
"RNASE4","pink"
"CD99","pink"
"MUSTN1","grey"
"GRSF1","brown"
"PRR16","brown"
"UQCC2","turquoise"
"TNMD","grey"
"DEPTOR","grey"
"CHCHD3","turquoise"
"ZNF268","purple"
"S1PR1","purple"
"WDR82","yellow"
"MRPL47","turquoise"
"DRC4","black"
"SLC27A1","grey"
"LHFPL6","red"
"COX10","turquoise"
"RPF2","black"
"C12orf43","yellow"
"AMHR2","turquoise"
"CPXM2","pink"
"RAD51B","yellow"
"CTSD","grey"
"NUSAP1","salmon"
"FCAR","yellow"
"TNFRSF19","grey"
"UCHL3","turquoise"
"PDSS1","turquoise"
"NAMPT","brown"
"SELENBP1","grey"
"HCCS","brown"
"ID2","magenta"
"CPED1","purple"
"INKA1","blue"
"HAUS2","yellow"
"LYSMD2","grey"
"LGR5","blue"
"SLC2A12","grey"
"LRRC39","black"
"RPA1","grey"
"MAPKAP1","turquoise"
"SUCLG2","turquoise"
"CST3","magenta"
"MYOF","pink"
"KTN1","black"
"ITGB6","brown"
"ATAD1","black"
"KLHL40","yellow"
"GSDME","grey"
"SMAD3","blue"
"PID1","blue"
"PTP4A2","turquoise"
"DPYSL3","grey"
"DEF8","turquoise"
"RPP14","turquoise"
"ALDH6A1","grey"
"TSPAN18","red"
"WASHC3","turquoise"
"DNAJC7","turquoise"
"GADD45A","blue"
"HLX","red"
"HOOK2","turquoise"
"MRPS12","turquoise"
"FHL2","grey"
"CNN3","pink"
"EFEMP1","pink"
"ZNF667","yellow"
"ZMIZ1","purple"
"ZFYVE9","turquoise"
"DMAC2L","turquoise"
"NEDD4","grey"
"COX20","turquoise"
"ABI3BP","pink"
"NXPE3","turquoise"
"PLCL1","brown"
"CD9","pink"
"LINC01089","yellow"
"PDPN","blue"
"MCUR1","turquoise"
"MRPL12","lightcyan"
"RTTN","greenyellow"
"RP9","black"
"RADX","greenyellow"
"REPIN1","turquoise"
"ENDOG","lightcyan"
"NEMF","cyan"
"PAM","blue"
"HSPB7","grey"
"NUDT14","grey"
"ABCG1","blue"
"FH","brown"
"CA2","brown"
"RBFOX2","blue"
"CLK1","blue"
"PLEKHF1","blue"
"AK3","turquoise"
"ALKBH5","cyan"
"KANK1","brown"
"C1QA","tan"
"COL6A1","pink"
"ISOC2","turquoise"
"LIMS1","cyan"
"PLAAT1","green"
"HNRNPA2B1","turquoise"
"GOLGA8A","grey"
"LAMA2","pink"
"UQCRH","black"
"SH3BGRL","purple"
"SOBP","brown"
"SDHAF3","turquoise"
"ABTB2","turquoise"
"ARL2","red"
"TUBB6","pink"
"DBF4","yellow"
"CDKN2B","yellow"
"LINC00467","turquoise"
"SESN1","blue"
"GPX3","grey"
"MFN2","green"
"METTL2A","yellow"
"COQ9","turquoise"
"ARL5A","black"
"PFN2","greenyellow"
"CPE","purple"
"CLYBL","grey"
"DYNLT3","grey"
"ARHGEF6","brown"
"CDIN1","grey"
"RBM23","blue"
"HIGD1A","black"
"ITCH","yellow"
"HS6ST2","brown"
"CLSTN1","blue"
"KANSL2","salmon"
"FZD7","turquoise"
"PBX3","grey"
"NEDD9","grey"
"GSTM2","grey"
"ST3GAL3","green"
"MED25","yellow"
"F13A1","tan"
"VAMP8","tan"
"ZNF554","yellow"
"RAP2A","brown"
"HOXD8","grey"
"NDUFA8","brown"
"RPS6KA5","purple"
"EIF3FP2","black"
"SPX","turquoise"
"PTOV1","grey"
"EPS15","brown"
"PRELP","blue"
"PPP2R3B","blue"
"BEST3","grey"
"PRDM10","blue"
"VGLL2","grey"
"PTGR1","turquoise"
"NIPSNAP3B","black"
"TMEM141","turquoise"
"ATF5","red"
"RMDN1","turquoise"
"PCYOX1","yellow"
"CRYAB","red"
"NNT","turquoise"
"MLEC","grey"
"WDR6","blue"
"PCCB","turquoise"
"COL4A4","grey"
"H2AZ1","grey"
"MDH1","turquoise"
"SGCE","pink"
"KLF2","magenta"
"SULF2","red"
"HSF2","blue"
"VPS41","yellow"
"NIBAN2","red"
"MICU2","black"
"SLC8A3","grey"
"MAFB","blue"
"SERPING1","pink"
"TBC1D8","grey"
"EIF1AX","grey"
"C1QTNF9","turquoise"
"PIK3R1","blue"
"TMSB10","pink"
"PALM","red"
"FYN","tan"
"GLRX2","black"
"TRIM7","brown"
"ZNF462","grey"
"NACA4P","yellow"
"C6orf136","lightcyan"
"SNTB1","brown"
"KIF22","turquoise"
"FGL2","grey"
"HMBOX1","yellow"
"RTCA","brown"
"C3orf18","turquoise"
"MTIF2","brown"
"ATF4","green"
"FTH1","black"
"RWDD4","brown"
"CLIC1","pink"
"DVL1","green"
"SPATA20","grey"
"GREM2","blue"
"DNPH1","green"
"ATG7","grey"
"ESRRA","green"
"BSG","turquoise"
"PRMT7","yellow"
"ST6GALNAC2","lightcyan"
"FAM110B","turquoise"
"TNNI3","green"
"CCL2","magenta"
"FTL","red"
"CD14","tan"
"ENPP4","purple"
"ZBTB43","turquoise"
"CPEB4","cyan"
"MLYCD","grey"
"RHOC","red"
"TP53INP1","purple"
"KANK3","grey"
"CAMK2A","grey"
"MRPS16","black"
"DHRS7","purple"
"TSNAX","salmon"
"FMO2","cyan"
"GLG1","cyan"
"SLC7A7","turquoise"
"GGCT","turquoise"
"GSTM4","turquoise"
"MARCHF6","grey"
"STIMATE","green"
"NUDT6","turquoise"
"HSF4","blue"
"SVIL","brown"
"MRPL34","turquoise"
"SLC25A11","turquoise"
"PLAT","red"
"BPGM","turquoise"
"SH2B3","turquoise"
"AHSA1","grey"
"ACTB","red"
"TCEA3","lightgreen"
"EVA1B","red"
"PPP1R3A","brown"
"PDK2","green"
"GFOD1","grey"
"CCL14","red"
"ARPC1B","tan"
"PCNT","greenyellow"
"EEF2","lightgreen"
"SIRT4","turquoise"
"CCDC136","turquoise"
"KIAA1217","greenyellow"
"ABCA1","purple"
"CSNK1E","blue"
"IVD","grey"
"FAM136A","lightcyan"
"HMGB2","blue"
"CTDSPL","green"
"AP3S1","greenyellow"
"TFEB","greenyellow"
"UQCRB","black"
"PGRMC2","lightcyan"
"EFNA1","grey"
"UBE2H","cyan"
"EDN1","blue"
"GIMAP6","grey60"
"SLC33A2","lightcyan"
"CD209","tan"
"RNASEH2C","green"
"DNAJB5","grey"
"NMNAT1","yellow"
"ART3","grey"
"GSTM3","green"
"PPP1R14C","green"
"ADCY4","magenta"
"MCU","grey"
"PRRX1","grey"
"PLS3","purple"
"CHCHD4","turquoise"
"ZNF106","turquoise"
"CCL13","tan"
"CEP135","yellow"
"SAMM50","turquoise"
"PPARG","magenta"
"NINJ1","red"
"SPOCK1","grey"
"ASAP3","grey"
"ALPP","yellow"
"H4C3","blue"
"TNFSF10","magenta"
"MAP3K5","turquoise"
"TMBIM6","blue"
"PPP1CB","black"
"CRAT","turquoise"
"FAHD1","brown"
"GON7","turquoise"
"FANCE","blue"
"ATP5ME","turquoise"
"ATP5PF","turquoise"
"CNST","cyan"
"ARHGAP36","greenyellow"
"WEE1","brown"
"ASB4","blue"
"HDLBP","yellow"
"H2BC12","pink"
"QDPR","black"
"INF2","red"
"HDAC5","grey"
"TSPAN33","lightcyan"
"ZC3H8","turquoise"
"ENGASE","blue"
"GOLGA6L5P","yellow"
"ADRB2","yellow"
"CCL5","tan"
"ZNF784","blue"
"ZNF440","yellow"
"PCDHB9","yellow"
"CIAO2B","grey"
"ZNF274","greenyellow"
"COL4A5","blue"
"RYR1","grey"
"ABHD1","turquoise"
"ACTG2","red"
"TRAPPC9","green"
"DDX17","blue"
"IFI44","magenta"
"POLR1D","turquoise"
"DPH2","turquoise"
"CTDNEP1","turquoise"
"GYPC","green"
"KCNN2","grey"
"EPHX1","turquoise"
"RXRA","grey"
"PATJ","yellow"
"KPNA5","turquoise"
"VPS37B","magenta"
"ASPH","turquoise"
"APBB3","blue"
"LAMP1","red"
"BMS1P20","turquoise"
"SLC71A2","grey"
"CCND2","pink"
"KLHL21","grey"
"COA1","yellow"
"NOP16","turquoise"
"MXD4","blue"
"LDB2","magenta"
"SLC16A10","blue"
"MAN2A1","greenyellow"
"NTAN1","lightcyan"
"WIPI1","turquoise"
"CLIC4","grey"
"JAK2","grey"
"HLA-DMB","tan"
"CORO6","grey"
"ECSIT","green"
"SV2B","grey"
"RPL21","black"
"TIMMDC1","turquoise"
"PDLIM7","red"
"SAC3D1","grey"
"KLHL30","grey"
"DGKD","grey"
"CTSG","tan"
"PSAP","grey"
"HBS1L","yellow"
"CREB5","red"
"ADA","grey"
"ARSK","yellow"
"REX1BD","grey"
"POU2F1","blue"
"ZNF703","grey"
"MRPS33","turquoise"
"ANOS1","purple"
"FAM50B","grey"
"NIPSNAP2","turquoise"
"ULK1","blue"
"B3GLCT","black"
"CSTB","yellow"
"PLCE1","blue"
"FASTK","green"
"COMMD8","brown"
"ASPA","grey"
"SCARB2","greenyellow"
"CHLSN","grey"
"NDUFS3","turquoise"
"RBP7","magenta"
"MAPRE2","turquoise"
"DST","cyan"
"RPL17","turquoise"
"PILRB","yellow"
"GAK","red"
"ALDH2","grey"
"HNRNPDL","greenyellow"
"SH3GLB1","black"
"CTH","blue"
"ATP5PD","turquoise"
"TRIM4","red"
"MROH7","yellow"
"SLC25A19","turquoise"
"SPON2","pink"
"MAPK12","green"
"DIXDC1","grey"
"ADD3","tan"
"TFIP11","grey"
"FAM89B","green"
"SLC38A2","blue"
"NR3C2","grey"
"EIF3C","grey"
"H2AX","blue"
"CAVIN3","red"
"ZFY","salmon"
"DNAJB1","greenyellow"
"RCHY1","black"
"DYRK2","cyan"
"DSTN","pink"
"LPAR6","magenta"
"SNAPC1","yellow"
"SCARB1","grey"
"PCBD1","green"
"ICAM3","green"
"TNXB","pink"
"LRBA","brown"
"FGFBP2","tan"
"ADPRM","turquoise"
"CD81","red"
"OSGEPL1","brown"
"ARHGAP17","red"
"DPH3","turquoise"
"MAGED2","yellow"
"NFATC1","yellow"
"POPDC2","green"
"FUNDC1","black"
"GALNT3","yellow"
"CRY2","yellow"
"WSB2","brown"
"ZC3H7A","greenyellow"
"PTBP1","red"
"RGS5","purple"
"RBMX","grey"
"ZNF680","grey60"
"PLGLB2","grey"
"NT5M","lightcyan"
"AIRE","yellow"
"ITGB5","red"
"FASN","red"
"OGDH","green"
"RPL8","black"
"KCNAB1","red"
"NDUFV3","turquoise"
"CAVIN2","purple"
"GCFC2","grey"
"MYZAP","turquoise"
"LGALSL","turquoise"
"VEZF1","brown"
"DIDO1","greenyellow"
"SRSF5","pink"
"QTMAN","turquoise"
"DYNC2I2","blue"
"PROX1","grey"
"AGL","brown"
"MTHFD2","grey"
"UGT3A1","grey"
"PPP1R1A","grey"
"FRMD3","grey"
"PPIC","turquoise"
"PLXDC1","pink"
"ARHGAP1","red"
"CDC42EP4","red"
"GOLGA2P7","midnightblue"
"GOT1","turquoise"
"ZCCHC9","grey"
"ECHDC1","turquoise"
"SPARC","grey"
"KCTD9","brown"
"ATP5MC1","turquoise"
"SERINC2","turquoise"
"CCNB1IP1","turquoise"
"CARS2","grey"
"HSD17B11","purple"
"LPIN1","brown"
"DCXR","grey"
"EIF3A","black"
"HSPA1B","blue"
"HSD17B12","brown"
"TRIM54","grey"
"JSRP1","yellow"
"ZFP91-CNTF","turquoise"
"GTPBP8","brown"
"HADHB","black"
"SLC43A3","red"
"CSPP1","blue"
"ZBTB20","blue"
"UQCC1","green"
"AK1","grey"
"PSMD14","black"
"LGALS3","purple"
"IFNLR1","brown"
"DAG1","greenyellow"
"DUSP23","grey"
"STXBP4","yellow"
"HMGN1","blue"
"REEP2","grey60"
"WWP1","brown"
"MAST2","grey"
"CS","turquoise"
"HTRA1","yellow"
"TACC1","red"
"CMAS","turquoise"
"CSAD","yellow"
"PDGFD","purple"
"EHD2","red"
"IRAK1","green"
"ANXA3","yellow"
"PYROXD1","turquoise"
"SRSF7","blue"
"PODN","pink"
"RASEF","yellow"
"CD93","red"
"MEOX1","yellow"
"AUH","turquoise"
"SOD2","turquoise"
"DYM","turquoise"
"UBE2D1","black"
"SERF2","green"
"TSLP","turquoise"
"HMBS","turquoise"
"MTARC1","grey"
"THAP6","brown"
"HACL2","green"
"KBTBD2","turquoise"
"NDUFB10","turquoise"
"CYP4F3","yellow"
"CMTM3","pink"
"GINS1","yellow"
"LY6E","magenta"
"MPPED2","blue"
"PIP4P2","brown"
"CTSH","green"
"FAHD2A","lightcyan"
"LMF2","blue"
"IMPA2","grey"
"CAMK2D","brown"
"FHL5","blue"
"AS3MT","black"
"PRECSIT","green"
"ZNF91","yellow"
"SLC19A2","black"
"CTSK","pink"
"DHPS","blue"
"CXCL10","tan"
"CTSL","brown"
"ZNF32","turquoise"
"MRPS10","black"
"PBXIP1","grey"
"APOC1","grey"
"DOP1B","turquoise"
"FCER1G","tan"
"PPIL3","red"
"OSBPL8","grey60"
"AKAP6","brown"
"LETMD1","grey"
"NDRG1","red"
"KCNA5","magenta"
"SHMT1","grey"
"GNG5","turquoise"
"SLC1A5","red"
"JOSD2","lightgreen"
"TMEM184A","blue"
"VPS13A","brown"
"ZIC1","blue"
"PANX1","turquoise"
"HSPA12B","red"
"MOB3B","grey"
"CAMK2B","blue"
"MCTS1","brown"
"PRKAG3","grey"
"RARA","grey"
"NDUFAF6","brown"
"COL5A2","grey"
"SNRNP25","turquoise"
"CRIPT","grey"
"RGS10","grey"
"EMCN","magenta"
"SMAD7","blue"
"STS","grey"
"SLC2A5","turquoise"
"NTMT1","green"
"SVBP","grey"
"RABGGTB","black"
"RPS6KL1","grey"
"DYNC1LI1","black"
"BHMT2","turquoise"
"ACOT13","turquoise"
"AOPEP","green"
"SSBP1","black"
"NDUFB8","turquoise"
"TNFSF15","yellow"
"DERA","turquoise"
"TAGLN2","pink"
"ADGRG1","red"
"KIF5B","brown"
"ZYX","red"
"FBLN5","blue"
"IFT88","yellow"
"MAP7D1","green"
"DDX39B","grey"
"AOX1","salmon"
"SH2D3C","red"
"MSRB1","grey"
"APP","red"
"ZNF671","blue"
"AKAP7","turquoise"
"UXS1","turquoise"
"LIMS2","red"
"HNRNPM","blue"
"UBA2","salmon"
"CACNA1S","grey"
"CFAP46","lightcyan"
"ACVR1","grey"
"TBRG4","green"
"BLVRB","yellow"
"FCGR2B","pink"
"OCEL1","grey"
"TSPAN4","red"
"LDHD","turquoise"
"MAMDC2","purple"
"PLSCR4","pink"
"HNRNPH1","greenyellow"
"SLC20A2","grey"
"STK40","green"
"NPEPPS","brown"
"CMYA5","brown"
"TMEM98","red"
"TMEM164","grey"
"NDUFB3","turquoise"
"NARS1","brown"
"BASP1","pink"
"CPQ","pink"
"NCOA3","salmon"
"MTFR1L","green"
"NDUFA3","green"
"SORBS1","turquoise"
"ZFHX3","blue"
"SUMO1","black"
"MPDZ","cyan"
"ALDH1L1","grey"
"FASTKD2","black"
"OSBPL6","greenyellow"
"DECR2","yellow"
"COL5A1","grey"
"GNAI2","magenta"
"ZBTB18","turquoise"
"NKTR","blue"
"PRCP","grey"
"CHKB","red"
"GRB14","grey"
"PLCB4","magenta"
"FMOD","yellow"
"GNB2","blue"
"CMSS1","grey"
"PHIP","blue"
"GPR162","grey"
"ATG12","yellow"
"TULP4","turquoise"
"IPO5","black"
"SLC12A2","turquoise"
"RSAD1","turquoise"
"MCCC1","lightgreen"
"VAMP5","grey"
"FDXR","blue"
"ADHFE1","grey"
"HNRNPAB","blue"
"SCHIP1","grey"
"RESF1","grey60"
"TBL1XR1","cyan"
"ACTR2","grey"
"RPA2","grey"
"DBP","turquoise"
"AGT","grey"
"LTBP2","pink"
"CMTM7","pink"
"GBE1","brown"
"IRF2BP2","grey"
"TLN2","grey"
"GOT2","turquoise"
"ME2","turquoise"
"DHRS4","green"
"SERINC1","brown"
"KCNS3","turquoise"
"OSER1","grey"
"ACTR1A","red"
"RHBDF1","blue"
"SMN2","grey"
"PPP1R15A","yellow"
"SCOC","brown"
"LBR","red"
"SDHB","turquoise"
"DLD","turquoise"
"MID1IP1","blue"
"C22orf39","green"
"ADA2","tan"
"PPP3R1","turquoise"
"TNNI2","grey"
"MRPS30","turquoise"
"LAMTOR2","green"
"LRPPRC","green"
"HNRNPH3","grey"
"S100A11","pink"
"GNG7","grey"
"BOD1","black"
"COX6B1","turquoise"
"PTGES2","green"
"LAPTM4B","turquoise"
"RNF126","grey"
"KLHL24","brown"
"KCNMA1","blue"
"AQP1","magenta"
"ZNF586","grey"
"HBP1","yellow"
"GPT","green"
"OMA1","turquoise"
"PKM","turquoise"
"PHGDH","blue"
"LASP1","red"
"DIS3L","brown"
"RCC1L","green"
"FAM98B","yellow"
"GCAT","green"
"SLCO2B1","tan"
"TRIM22","magenta"
"HOMER1","brown"
"TSSC4","blue"
"TPM3","grey"
"FAXDC2","magenta"
"DHDDS","grey"
"CPA3","tan"
"PSME2","grey"
"CALD1","red"
"CYP51A1","grey"
"NR2C1","grey"
"SRRM1","blue"
"TRAPPC2L","grey"
"XAB2","yellow"
"ACADL","grey"
"TM2D3","greenyellow"
"FHOD1","grey"
"MXI1","grey"
"BCKDHB","turquoise"
"RAB34","pink"
"LBP","grey"
"CFLAR","yellow"
"FLRT2","yellow"
"IER3","grey"
"TMEM131L","grey"
"COX7A2","turquoise"
"SAT1","pink"
"PLN","grey"
"SPOCK2","grey"
"EIF4A1","blue"
"SSPN","black"
"ALDH7A1","turquoise"
"ACD","blue"
"BMP5","magenta"
"GSR","turquoise"
"IL4R","red"
"BICD1","turquoise"
"WDR45","green"
"ODC1","green"
"PNPLA4","black"
"ALPK3","grey"
"COQ8A","grey"
"MGLL","red"
"TSC22D3","grey"
"TRIM55","blue"
"SLC26A9","turquoise"
"CIRBP","salmon"
"GRAMD1C","yellow"
"BIRC3","tan"
"CNOT7","brown"
"PDE7A","grey"
"LYRM7","yellow"
"APCDD1","red"
"RRAS","grey"
"DDR1","grey"
"TNFRSF1B","red"
"TMEM143","turquoise"
"CDCA7","blue"
"LSM10","turquoise"
"EXOSC6","blue"
"MESP1","grey"
"FILIP1L","grey"
"PLIN3","blue"
"COL6A3","grey"
"EGFLAM","grey"
"MYL6","grey"
"SLC20A1","grey"
"RAB11A","red"
"RNF144B","grey"
"ABLIM3","grey"
"STAT3","yellow"
"PSMG1","salmon"
"DNAJA1","blue"
"CAP1","pink"
"ATP1B1","blue"
"RFTN1","turquoise"
"IL10RB","grey"
"MBNL2","grey60"
"CEP350","grey"
"PKIA","brown"
"MYOG","grey"
"ACAA2","turquoise"
"ARHGAP21","grey"
"FAM177A1","brown"
"SLC38A3","green"
"GYS1","turquoise"
"SLC22A7","midnightblue"
"SBF1","blue"
"ZBTB40","cyan"
"MRPS14","brown"
"THOC3","grey"
"FOXP1","purple"
"ORMDL1","grey"
"AFG1L","turquoise"
"AHNAK","salmon"
"CYP26B1","greenyellow"
"UBE2G1","grey"
"HNRNPK","black"
"EYA4","grey"
"POMT1","blue"
"GJA1","grey"
"EIF4G3","grey"
"TMEM266","turquoise"
"SRRM2","yellow"
"ITGB3BP","grey"
"CHPT1","turquoise"
"ZNF658","black"
"SLC47A2","tan"
"OAF","grey"
"HSPE1","grey"
"TIMP4","grey"
"KGD4","brown"
"TBCC","greenyellow"
"DDX3X","grey"
"MPC1","turquoise"
"OGG1","midnightblue"
"ATP5F1A","turquoise"
"ZNF22","cyan"
"COL5A3","magenta"
"ENPP2","magenta"
"RIPOR2","red"
"TUBA1C","grey"
"RBM38","turquoise"
"TIMM22","grey"
"UQCRFS1","turquoise"
"RGL1","tan"
"NREP","brown"
"PNN","black"
"MKKS","brown"
"PSME1","tan"
"HES1","grey"
"RCN2","turquoise"
"PDLIM3","yellow"
"ELL2","blue"
"ANG","red"
"IFT74","grey60"
"RPL7L1","green"
"PHF23","blue"
"LRRC32","greenyellow"
"RBM5","blue"
"MACROD1","green"
"MTMR4","blue"
"CTDSP1","grey"
"BECN1","turquoise"
"SF1","cyan"
"BMP4","blue"
"VASN","red"
"ST13P4","black"
"CDK5RAP3","blue"
"RBM17","black"
"SELENOH","blue"
"CXCL9","tan"
"ANKRD36B","cyan"
"MCRIP2","turquoise"
"ARL6IP1","purple"
"IL1R1","salmon"
"ALG2","blue"
"CD38","turquoise"
"IMPDH2","yellow"
"COX6A1","pink"
"LDLRAD4","brown"
"CXXC5","grey"
"LRIG1","grey"
"CHP1","turquoise"
"ENC1","grey"
"NTAQ1","green"
"DIO2","green"
"KIF1C","black"
"HLA-DQB1","tan"
"KBTBD11","turquoise"
"MYO18B","grey"
"CADM1","grey"
"ALOX5AP","tan"
"STT3B","brown"
"RASL12","lightcyan"
"LARS1","brown"
"SLC16A5","grey"
"SDHD","turquoise"
"VPS51","grey"
"TMCC3","turquoise"
"ZDHHC7","green"
"MRPL2","green"
"LIPT2-AS1","black"
"XIRP2","turquoise"
"BFAR","lightgreen"
"PPP2R5C","turquoise"
"TLE5","green"
"NDUFC1","turquoise"
"SLC25A20","turquoise"
"FEM1C","purple"
"GSTO1","turquoise"
"TUBB2A","red"
"CYB5R4","brown"
"TAX1BP3","pink"
"UNC13B","salmon"
"AGTRAP","grey"
"RNF207","grey"
"MYC","blue"
"PIGP","brown"
"PAIP1","brown"
"ILF3-DT","lightgreen"
"ETFB","grey"
"CDK5RAP2","blue"
"EIF5B","brown"
"CAV3","grey"
"HDDC2","brown"
"PLOD1","red"
"PAK1","grey"
"TYW1","red"
"PLEC","grey"
"ZFAND2A","magenta"
"TAPBP","tan"
"CCR3","grey"
"UBAP2","yellow"
"RBM14","blue"
"DIPK1B","red"
"OXA1L","turquoise"
"RRP36","lightcyan"
"RHOU","purple"
"PROM1","salmon"
"LITAF","red"
"DHRS4L2","green"
"DPH5","green"
"AMACR","turquoise"
"DUS4L","brown"
"MORC2","blue"
"NPLOC4","green"
"MINDY3","brown"
"CAPZB","turquoise"
"RNASET2","tan"
"LRRC23","turquoise"
"GSTK1","turquoise"
"JAM3","red"
"ICA1","yellow"
"RBPMS","red"
"TNFAIP6","pink"
"SMCO4","blue"
"LBH","pink"
"CHST7","red"
"TCF4","magenta"
"DAB2","pink"
"GRK5","red"
"MRPL54","grey"
"LIPA","purple"
"ASB5","purple"
"ZEB1","brown"
"DERL1","grey"
"ABCA6","blue"
"ANTXR1","grey"
"AGTR1","purple"
"SETD9","turquoise"
"PXN","yellow"
"VCL","greenyellow"
"PPM1J","grey"
"MYH10","magenta"
"SELENOS","grey"
"PREB","turquoise"
"RCAN1","greenyellow"
"JPT1","grey"
"KCMF1","turquoise"
"TMEM19","yellow"
"OMD","pink"
"CHAC1","blue"
"AGMAT","grey"
"NME1","green"
"GIMAP8","magenta"
"RAB9B","cyan"
"PDHX","brown"
"MYL9","red"
"ZCCHC24","grey"
"ZFAND5","grey"
"INTS7","yellow"
"TCF7","yellow"
"DTX3","magenta"
"TFPI","pink"
"CAT","grey"
"ST13P5","yellow"
"STMN3","pink"
"RPS16","grey"
"ACO2","turquoise"
"CSNK2B","grey"
"PLA1A","grey"
"SLC27A3","red"
"USP38","brown"
"ARFGAP2","greenyellow"
"TIMM23","turquoise"
"CTNND1","purple"
"IDI2-AS1","green"
"HAT1","black"
"FAM53C","blue"
"EIF3G","yellow"
"CALM2","purple"
"CAPZA2","black"
"DZIP3","turquoise"
"SLC49A4","turquoise"
"FXR2","turquoise"
"UQCRC2","turquoise"
"SCCPDH","turquoise"
"SLC47A1","grey"
"SEMA3G","magenta"
"TMED3","pink"
"CTSO","pink"
"NAV2","grey"
"AGBL1","grey"
"CCDC117","greenyellow"
"IFTAP","turquoise"
"PVALB","salmon"
"CCNL1","greenyellow"
"FRAT2","turquoise"
"FBXO21","blue"
"MAP3K2","grey"
"RNF6","turquoise"
"MRPL13","turquoise"
"TSPYL5","grey"
"CAP2","cyan"
"MIPEP","turquoise"
"YPEL3","grey"
"SCYL1","grey"
"NMRK1","grey"
"TST","grey"
"DOK5","black"
"IMPA1","brown"
"RPP25L","turquoise"
"NAA50","brown"
"ERRFI1","greenyellow"
"MAP2K4","green"
"SLC9A1","red"
"SH3BGRL2","magenta"
"HPCAL1","red"
"FAM110A","blue"
"DNAJB4","greenyellow"
"MYO10","grey"
"LRRFIP2","turquoise"
"NCBP2AS2","turquoise"
"PREP","grey"
"ZNF580","yellow"
"MAGED1","grey"
"MED21","black"
"RNF14","brown"
"SCLY","turquoise"
"SOX9","blue"
"MBD3","lightcyan"
"ESRRG","purple"
"GATD1","blue"
"PNMA1","purple"
"FAM98A","black"
"ACOT2","turquoise"
"MRPL53","grey"
"HK1","turquoise"
"ACP6","grey"
"LEPROT","cyan"
"LARGE1","blue"
"UBR3","brown"
"LPP","blue"
"RAB15","grey"
"AIMP1","turquoise"
"AUTS2","grey"
"MPZL2","greenyellow"
"CD24","salmon"
"KLF9","blue"
"NCOR2","grey"
"FXN","yellow"
"SATB1","brown"
"PDHB","brown"
"ZSCAN18","blue"
"CDO1","blue"
"PRR4","grey"
"PPP1R3B","brown"
"RCN1","grey"
"PITPNM1","turquoise"
"ZNF593","green"
"UROS","grey"
"TIMM21","brown"
"PCGF2","red"
"PLAAT3","turquoise"
"PSMD2","grey"
"G3BP2","purple"
"RPS11","grey"
"DBI","black"
"PCDH18","blue"
"PDPR","grey"
"SLC15A4","blue"
"SDCBP","purple"
"PEBP4","black"
"FZD4","magenta"
"MAPK6","brown"
"FGF13","black"
"EFNB2","purple"
"TMEM11","lightcyan"
"MLXIP","grey"
"UBE3C","green"
"MNDA","grey"
"TMEM256","grey"
"SNAP23","grey60"
"ATIC","turquoise"
"RB1CC1","black"
"SIRT2","green"
"VCAM1","tan"
"EIF5","turquoise"
"IGBP1","green"
"POGZ","blue"
"PXDNL","blue"
"CLEC14A","magenta"
"LIPE","grey"
"LOXL2","grey"
"AGO2","cyan"
"CCDC91","brown"
"EMC9","turquoise"
"ARHGDIA","yellow"
"CROCCP2","blue"
"RRM2B","turquoise"
"STYXL1","turquoise"
"CD63","grey"
"HSPD1","brown"
"NCF1","tan"
"UBXN10","lightgreen"
"SUMF2","blue"
"NABP2","green"
"EVL","lightgreen"
"SAR1B","salmon"
"TBCD","red"
"MTERF1","brown"
"C1orf198","red"
"ARL14EP","brown"
"SLC22A4","brown"
"SULF1","grey"
"STAB1","grey"
"EXOSC10","blue"
"IFIT1","magenta"
"GHITM","turquoise"
"OGFOD1","green"
"TCAP","green"
"NID2","grey"
"SEMA6D","magenta"
"CDC26","green"
"RNF144A","grey"
"PABPC1","tan"
"NOMO2","turquoise"
"PAFAH1B3","blue"
"SYPL2","grey"
"CRYZ","turquoise"
"XAF1","magenta"
"PPM1B","brown"
"TOX4","black"
"FOXO3","blue"
"PTPN11","brown"
"COQ2","turquoise"
"FAM13C","grey"
"MN1","grey"
"TMED4","salmon"
"MRPS5","turquoise"
"OGFOD3","blue"
"ALAS2","grey"
"PTPRB","red"
"TMEM100","pink"
"HPSE","yellow"
"RBM22","blue"
"NT5DC1","turquoise"
"SGF29","grey"
"APIP","turquoise"
"YWHAQ","purple"
"GCLM","brown"
"MAP2K6","brown"
"TPRA1","black"
"PGAM2","turquoise"
"TAF15","grey"
"SRSF4","blue"
"CMTM8","magenta"
"ADI1","pink"
"ALDH1A3","pink"
"SLC22A5","grey"
"CTSB","green"
"ACTN1","yellow"
"PER3","blue"
"TRIM28","grey"
"HSPA8","brown"
"CHRNB1","green"
"SUMO3","grey"
"ADIPOR2","grey"
"CHUK","brown"
"ZC3H6","grey"
"NINL","grey"
"RFX5","grey"
"SUCLG1","turquoise"
"MYADM","pink"
"CHMP3","turquoise"
"AIG1","turquoise"
"HSPA6","grey"
"RNF34","salmon"
"PCM1","brown"
"N4BP2L1","purple"
"CCNH","black"
"ABCC5","blue"
"TNFSF12","red"
"LNPK","blue"
"HSPA1L","grey"
"CARM1","blue"
"PFKM","grey"
"EGFL7","magenta"
"OPA1","turquoise"
"TMT1B","greenyellow"
"CHTOP","blue"
"SLC17A5","salmon"
"SKIC2","blue"
"AGTPBP1","brown"
"R3HDM1","brown"
"HENMT1","turquoise"
"HMGN2","blue"
"CTSA","yellow"
"TUBB2B","pink"
"NR2F2","purple"
"KDM5C","grey"
"PPP1R2","turquoise"
"ALAS1","turquoise"
"MARCHF2","grey"
"MEOX2","grey60"
"PTMA","red"
"POLE4","greenyellow"
"C1orf21","brown"
"GPR89B","black"
"ARAP3","red"
"EPSTI1","magenta"
"PPP2R5E","brown"
"PLA2G4C","greenyellow"
"CLK4","blue"
"ISCA1","brown"
"DDX23","yellow"
"ORAI1","green"
"TSPAN3","grey"
"PGM2L1","brown"
"RAD23B","black"
"ATXN7L2","grey"
"PKN2","cyan"
"EXOSC5","green"
"SLCO2A1","pink"
"HGS","blue"
"ACTL6B","grey"
"INPP1","turquoise"
"TRIM69","green"
"PLCL2","grey"
"RBPJ","blue"
"DIRAS1","grey"
"ABHD16A","grey"
"SMIM19","brown"
"IVNS1ABP","turquoise"
"CERT1","cyan"
"PNMT","yellow"
"C6","blue"
"CISH","black"
"GIMAP5","magenta"
"AKAP13","yellow"
"H2AC12","grey"
"CMC1","turquoise"
"ATP6V0B","red"
"MYLK2","blue"
"PEDS1","brown"
"PLEKHA4","green"
"BTBD6","grey"
"FRMD6","salmon"
"HNRNPC","grey"
"BBS2","brown"
"NDUFC2","yellow"
"CDKN1B","blue"
"SRI","grey"
"TMEM43","greenyellow"
"DNAJB2","grey"
"TRMT112","blue"
"WDR77","lightcyan"
"ZNF25","brown"
"BRWD1","grey"
"GATA3","magenta"
"PPL","pink"
"IFIH1","magenta"
"NDUFS5","turquoise"
"ZNF480","brown"
"CERS1","yellow"
"CFL1","pink"
"TMUB2","red"
"MPV17L2","turquoise"
"RCSD1","grey"
"IKBKB","salmon"
"EFHD2","red"
"MYO18A","green"
"KPNA4","brown"
"SNF8","lightcyan"
"CIAPIN1","brown"
"UGDH","grey"
"GHR","grey60"
"GTF3A","brown"
"ECM2","grey"
"MRS2","black"
"ZNF579","grey"
"POLD2","blue"
"SRSF2","greenyellow"
"SMARCA1","blue"
"PPP1R3D","grey"
"RAF1","green"
"SYNE2","grey"
"MRPL27","green"
"LMOD3","turquoise"
"EFEMP2","grey"
"MYH7","grey"
"NDUFA9","turquoise"
"AMD1","black"
"SPATA7","brown"
"TXNDC17","brown"
"TIGAR","turquoise"
"ADAMTSL2","blue"
"ARPC5L","green"
"BAG3","blue"
"RWDD2B","turquoise"
"RBM24","greenyellow"
"DDX39A","red"
"SRSF10","greenyellow"
"CBLB","blue"
"BAG1","turquoise"
"DYNC1I1","turquoise"
"NUDCD2","black"
"MAST4","pink"
"HSD17B4","black"
"RXYLT1","cyan"
"KLF4","grey"
"CCDC25","turquoise"
"CDK17","grey60"
"GPD1L","brown"
"DIAPH1","pink"
"KIZ","black"
"NMNAT3","brown"
"C10orf71","grey"
"FCN3","grey"
"SPRED1","pink"
"HPN","yellow"
"COQ5","turquoise"
"TAP1","tan"
"CRIPTO","grey"
"AHCYL1","grey"
"LIN9","grey"
"VDAC1","brown"
"MME","pink"
"STXBP3","black"
"IDE","brown"
"CES2","grey"
"FYCO1","brown"
"UBE2M","turquoise"
"SURF6","green"
"NDUFA6","turquoise"
"RNF10","green"
"TRIM16","grey"
"ERLEC1","brown"
"FCER1A","grey"
"FLNB","red"
"MRPL17","grey"
"KPNA2","greenyellow"
"ARF4","greenyellow"
"RNASEH2B","brown"
"SOS2","turquoise"
"SPTSSA","turquoise"
"CBR3","pink"
"COLEC12","magenta"
"CREBRF","grey"
"TJP2","red"
"MTFR1","green"
"RSAD2","magenta"
"HADHA","turquoise"
"YME1L1","brown"
"DBNDD1","green"
"SERTAD3","blue"
"METTL22","green"
"GATB","turquoise"
"LTBP1","grey"
"HNRNPA1","greenyellow"
"H1-0","grey"
"TMEM147","green"
"AR","green"
"MCL1","yellow"
"HSPB8","yellow"
"SEC22C","blue"
"SELENOP","purple"
"SLX1B","yellow"
"NRBF2","brown"
"DLGAP4","lightgreen"
"PLPBP","turquoise"
"VTI1B","turquoise"
"UBE2D4","brown"
"EIF2AK1","green"
"MPST","grey"
"ARPC1A","red"
"BIN1","green"
"KAT14","green"
"NDUFS7","red"
"GP1BB","blue"
"GGH","purple"
"OXNAD1","turquoise"
"XRCC6","blue"
"CCDC92","green"
"EPM2A","turquoise"
"NT5DC3","turquoise"
"PRKCQ","grey"
"UBE4A","grey"
"STIP1","grey"
"ENAM","grey"
"HSD11B1L","green"
"ARMH3","turquoise"
"CHST3","blue"
"HOXA7","cyan"
"HDGFL3","purple"
"MRPS18B","turquoise"
"ME3","turquoise"
"COL15A1","magenta"
"IMMP1L","brown"
"ESYT1","grey"
"TEAD2","magenta"
"SLC40A1","grey"
"TSPAN13","magenta"
"HNRNPH2","green"
"CKS1B","pink"
"ST3GAL1","salmon"
"SMAP1","turquoise"
"WDR41","grey"
"CSDE1","turquoise"
"WDR18","red"
"WBP4","grey"
"CEBPG","turquoise"
"KCNA7","turquoise"
"SMTN","green"
"PLPP1","green"
"NUS1","brown"
"BCAP31","grey"
"SLC25A3","turquoise"
"CALU","brown"
"MRPS28","turquoise"
"SLC25A4","turquoise"
"EMP2","grey"
"AP3M2","turquoise"
"CCND3","magenta"
"NSF","grey"
"FCGRT","grey"
"PNISR","greenyellow"
"BMI1","brown"
"BAD","green"
"FECH","turquoise"
"EIF6","grey"
"UBL3","black"
"GOSR2","turquoise"
"SNX13","turquoise"
"ANXA5","pink"
"BOP1","grey"
"HSPH1","grey"
"ISG20","magenta"
"BMP6","yellow"
"ELAPOR2","grey"
"PRKY","salmon"
"METTL9","turquoise"
"UBE2E3","purple"
"C14orf132","pink"
"ADAM19","turquoise"
"OARD1","grey"
"MEDAG","pink"
"TPCN2","blue"
"ERCC8","brown"
"TOB1","greenyellow"
"GPS1","blue"
"PIM1","tan"
"FUCA1","salmon"
"RPL34","grey"
"SPRY1","purple"
"SLC39A4","grey"
"CARD16","magenta"
"TM7SF2","grey"
"MRPL11","green"
"SNRPD3","cyan"
"CYP27A1","turquoise"
"CENPX","grey"
"TARS3","turquoise"
"BEND5","grey"
"LRRN4CL","pink"
"PERP","blue"
"SERPINE2","turquoise"
"AFG3L2","green"
"TRUB1","brown"
"FGFR4","magenta"
"MAPK8IP1","grey"
"RHOQ","brown"
"SYNGR1","turquoise"
"SMARCD3","blue"
"OAT","salmon"
"FAM89A","red"
"VIT","pink"
"TRAP1","grey"
"OLFML2A","grey"
"TNFRSF4","grey"
"GTPBP6","green"
"FAM234A","turquoise"
"RPS15A","grey"
"BCKDK","turquoise"
"SNX7","pink"
"GATD3","turquoise"
"NOSIP","blue"
"DYNLT1","turquoise"
"GMPR","grey"
"SLC6A8","green"
"SYNC","brown"
"CSPG4","grey"
"GMNN","brown"
"SERPINF1","black"
"UQCR11","green"
"TIE1","grey"
"RAB13","green"
"GPR146","turquoise"
"ZNF358","brown"
"BMERB1","green"
"PTPN23","grey"
"HEXIM1","grey"
"ARRDC4","blue"
"SNX5","brown"
"CYSTM1","green"
"ACSF2","turquoise"
"HMGB1","black"
"CSNK2A1","turquoise"
"PAK2","grey"
"DBT","grey"
"ACVR2B","cyan"
"ZNF23","turquoise"
"PCYT2","turquoise"
"RPUSD4","grey"
"CTSC","tan"
"ST13","black"
"PLAAT4","tan"
"UCHL5","brown"
"ECHDC3","grey"
"SORD","turquoise"
"LARP6","grey"
"TLE2","cyan"
"COX15","turquoise"
"CNNM4","grey"
"RAB10","blue"
"SYVN1","blue"
"PPARA","turquoise"
"OLIG1","turquoise"
"F8A1","grey"
"LAMP2","blue"
"RARS1","brown"
"KCNJ8","magenta"
"MYOM1","green"
"PECR","turquoise"
"TRIL","grey"
"NISCH","yellow"
"RAI2","salmon"
"PEA15","red"
"MIIP","blue"
"IFI27L1","grey"
"PIK3CB","brown"
"TARS1","turquoise"
"CARHSP1","red"
"NMRAL1","tan"
"PIGF","turquoise"
"URM1","green"
"ILRUN","green"
"MCM7","yellow"
"RRP7A","grey"
"EBAG9","brown"
"DLG5","yellow"
"CPT1B","turquoise"
"POLR1E","grey"
"JUN","blue"
"ZNF438","grey"
"TOMM70","black"
"CXCR4","tan"
"ENOSF1","blue"
"PXMP2","turquoise"
"C1orf115","turquoise"
"TTC17","yellow"
"TIPRL","brown"
"ACADM","brown"
"SRM","grey"
"COPS5","green"
"KHDRBS3","yellow"
"PKD2","purple"
"BLMH","turquoise"
"ARPC5","purple"
"LGALS12","midnightblue"
"TCEAL8","grey"
"CMIP","red"
"DDX24","grey"
"MBNL1","purple"
"MAP1LC3A","grey"
"RAB3IL1","pink"
"CRISPLD2","pink"
"MANF","red"
"NOA1","brown"
"TMEM276","lightcyan"
"ISOC1","grey"
"ANXA6","green"
"ADCY1","turquoise"
"SURF1","grey"
"CHRAC1","green"
"AP3D1","blue"
"PTPRM","grey"
"NDUFAF2","turquoise"
"CCSER2","turquoise"
"BMPR1A","turquoise"
"PHYH","turquoise"
"ACAP1","turquoise"
"RAB5B","green"
"WIPF1","magenta"
"LAMA4","grey"
"FOXC1","red"
"LDHC","turquoise"
"BSCL2","red"
"HSPA4","black"
"TRIM29","yellow"
"RAD51C","turquoise"
"SNTB2","cyan"
"SIRPD","black"
"TNS1","green"
"TERF2","purple"
"CPSF1","blue"
"PAFAH2","yellow"
"SLC44A2","yellow"
"UBTD1","grey"
"AP1S2","brown"
"IER3IP1","black"
"RBMS3","purple"
"GPRIN3","turquoise"
"ZNF366","grey"
"TENT5C","grey"
"GTF2F2","turquoise"
"CACNG6","grey"
"ADH5","brown"
"PGAP3","red"
"RPL3L","grey"
"TUBG1","lightcyan"
"PTGDR2","grey"
"LAYN","red"
"NAXE","lightcyan"
"VPS72","blue"
"MTIF3","green"
"SLC25A29","blue"
"SPAG7","green"
"PDGFA","red"
"RTL8C","grey"
"SLC35F5","brown"
"SURF4","grey"
"PRDM2","blue"
"CEP170","grey"
"SDSL","grey"
"IGF2R","grey"
"POLR2J2","black"
"FAM241B","yellow"
"SLC25A37","grey"
"JMJD7-PLA2G4B","blue"
"ATP6V0A1","blue"
"SIDT2","red"
"MTMR6","black"
"RABL6","green"
"GNA11","red"
"PIAS2","turquoise"
"MRPL48","turquoise"
"VCAN","pink"
"BEX3","grey"
"MAP3K20","brown"
"PDHA1","turquoise"
"NOMO1","turquoise"
"KIF21A","brown"
"INTS11","grey"
"TNIP1","green"
"P4HB","grey"
"SCRN2","red"
"SRRT","yellow"
"FBXO31","grey"
"IER2","magenta"
"HERC2","brown"
"HOXC6","purple"
"RERE","blue"
"ZNF428","grey"
"ATP5IF1","yellow"
"CREBBP","blue"
"HOXC10","turquoise"
"FAM107B","pink"
"PDE4A","turquoise"
"B2M","tan"
"GPN2","grey"
"AIFM1","green"
"ATP6AP2","purple"
"SRSF3","purple"
"SPATA18","blue"
"ATP2C1","turquoise"
"SMDT1","grey"
"AHSA2P","purple"
"DNPEP","green"
"ADRA1D","midnightblue"
"TAS2R14","lightgreen"
"ZNF256","grey"
"SLC25A36","cyan"
"KPNA1","brown"
"FDX1","brown"
"SLC25A45","yellow"
"BAK1","green"
"BZW2","green"
"MRPL30","turquoise"
"RTL6","brown"
"NECAP1","blue"
"TPM2","green"
"ANKRD23","yellow"
"TP53BP1","turquoise"
"SCPEP1","tan"
"UBN1","grey"
"CALCRL","purple"
"ATG4B","red"
"SERPINA3","pink"
"RPS18","yellow"
"EWSR1","blue"
"SERBP1","cyan"
"IGF2BP3","greenyellow"
"NDUFS2","turquoise"
"COA4","green"
"MROH8","turquoise"
"WDR47","grey"
"SDC4","red"
"RPS3","green"
"ST6GALNAC4","grey"
"CCDC32","grey"
"ATXN10","brown"
"LRIG3","greenyellow"
"PRKAR2B","magenta"
"PLEKHA1","cyan"
"LINC00265","yellow"
"CYRIA","turquoise"
"TTC19","brown"
"PDIA6","grey"
"DES","green"
"FLCN","grey"
"B4GALT5","turquoise"
"UBR7","grey"
"CHCHD5","green"
"COPZ2","green"
"B3GALT6","grey"
"PTCD3","turquoise"
"SNRPF","pink"
"PHKG1","grey"
"DAGLA","brown"
"NBN","grey"
"EEF2K","blue"
"CALHM2","red"
"NFE2L1","green"
"HOXA6","midnightblue"
"SNAPC5","turquoise"
"ARHGAP18","black"
"TMEM38B","salmon"
"CLN6","blue"
"LPCAT3","grey"
"CCDC110","purple"
"HMGCL","black"
"MYLK3","yellow"
"PNPT1","brown"
"PIGX","yellow"
"DNTTIP1","yellow"
"SPG21","grey"
"MTPN","black"
"POLR2F","turquoise"
"ADAR","magenta"
"MAOB","grey"
"ARL6IP5","blue"
"THNSL1","turquoise"
"ASXL1","yellow"
"ANKRD46","brown"
"MAPKAPK3","grey"
"GUSB","yellow"
"FZD9","grey"
"CLTCL1","grey"
"MGMT","yellow"
"PHF3","black"
"DSE","blue"
"RPRD1A","brown"
"NBL1","yellow"
"DNAJC19","turquoise"
"TNS3","magenta"
"EMC7","green"
"IMPDH1","red"
"PAX7","midnightblue"
"HHATL","grey"
"RNF20","black"
"MATN2","grey"
"WSB1","grey60"
"TMEM106B","brown"
"NBAS","turquoise"
"DTX2","red"
"GPC1","green"
"LRP3","grey"
"RPL12","blue"
"NRDC","turquoise"
"FAM220A","brown"
"MICOS13","turquoise"
"FXYD6","red"
"SMAD6","grey"
"POLB","green"
"STARD10","turquoise"
"PAMR1","pink"
"TUBE1","greenyellow"
"GNAS","grey"
"STAMBP","turquoise"
"CCT6A","green"
"INPP5J","turquoise"
"COQ10B","grey"
"SLC75A1","red"
"SIN3A","blue"
"GZMH","tan"
"AP2B1","turquoise"
"RPS6KA3","turquoise"
"PTS","brown"
"MGST2","turquoise"
"SAP18","turquoise"
"NFIX","grey"
"ISLR","grey"
"SART3","blue"
"KHSRP","blue"
"DNASE1L1","grey"
"GABPB1-IT1","salmon"
"ERCC1","green"
"ACADS","grey"
"DYRK1B","green"
"PLOD2","grey"
"DUSP13B","lightcyan"
"NDEL1","greenyellow"
"TPD52L1","grey"
"OSBPL11","grey60"
"APOL2","grey"
"EIF2D","lightcyan"
"DBN1","pink"
"MAP2K1","grey"
"MANEAL","grey"
"RPLP0","salmon"
"TEX2","brown"
"ANAPC2","turquoise"
"TJP1","purple"
"DPF2","blue"
"TSPAN17","green"
"PPP6C","brown"
"BPHL","turquoise"
"DCLK1","pink"
"LTAP1","green"
"USP25","black"
"ANP32A","black"
"UBAP1","green"
"ILKAP","greenyellow"
"LIMA1","pink"
"SRPX2","pink"
"COQ6","turquoise"
"SLC5A8","yellow"
"RPL13","pink"
"QSOX1","grey"
"ARNT","grey"
"GPRASP3","brown"
"SIAH2","grey"
"HK2","grey"
"ALKBH7","green"
"IRF9","magenta"
"RBBP5","lightgreen"
"RNF41","grey"
"TESK2","green"
"HERPUD1","blue"
"JUP","grey"
"PPM1A","turquoise"
"CARD10","magenta"
"BANF1","green"
"UBAC2","turquoise"
"RABGAP1","cyan"
"EPHX2","grey"
"CFDP1","grey"
"RNF115","cyan"
"NEU4","turquoise"
"TRUB2","turquoise"
"MAGOH","turquoise"
"FCN1","grey"
"RITA1","grey"
"FEZ1","pink"
"RPL3","pink"
"VKORC1L1","green"
"AMPD1","grey"
"TMEM135","grey"
"APOL3","magenta"
"FHL3","grey"
"COX5A","turquoise"
"ECI2","turquoise"
"DEGS1","red"
"LGR4","brown"
"ZNF502","grey"
"PDIA3","grey"
"AEBP1","grey"
"HINT2","green"
"CASP10","red"
"KRT14","midnightblue"
"AXL","pink"
"SMAD5","cyan"
"CBR1","green"
"PLEKHO1","grey"
"GTF3C6","turquoise"
"ASCC2","blue"
"DGLUCY","green"
"GYG1","brown"
"MIF","grey"
"C9orf72","grey"
"CCNT2","greenyellow"
"PMEPA1","grey"
"TMEM165","brown"
"SCO2","green"
"MRPL15","turquoise"
"GALNT2","grey"
"GPRC5B","magenta"
"CTDSP2","blue"
"ETF1","turquoise"
"PDSS2","turquoise"
"DYNLL2","lightcyan"
"AXIN1","green"
"NT5C3B","green"
"RPS19BP1","green"
"SMARCA5","black"
"EVX1","midnightblue"
"DDX11","yellow"
"CTNNA1","black"
"UBE2T","turquoise"
"ATP6V0C","blue"
"TSPO","red"
"RHOD","green"
"METTL5","turquoise"
"POLL","green"
"TESC","red"
"SBDS","purple"
"MSX1","magenta"
"TAF9B","brown"
"TCF15","magenta"
"IDI1","turquoise"
"ATP2A2","grey"
"OPTN","brown"
"MOAP1","green"
"ANXA2R-AS1","greenyellow"
"STIM1","grey"
"OVGP1","salmon"
"TAFA5","grey"
"CDA","yellow"
"NME4","green"
"MXRA8","pink"
"RNF5","green"
"AARS1","blue"
"RTN3","grey"
"MOCS2","turquoise"
"CASP4","pink"
"NCL","grey"
"P3H3","red"
"RBM28","blue"
"MYRIP","grey"
"SRP19","brown"
"AKR7A2","blue"
"SLC2A8","grey"
"VPS16","blue"
"TUG1","purple"
"GPR34","tan"
"CTSF","grey"
"AIF1","tan"
"F8","grey"
"VEZT","grey"
"SOX15","blue"
"BCAS2","black"
"TMED7","brown"
"GTPBP10","yellow"
"PDCD2","green"
"CRBN","grey"
"CLEC12A","grey"
"ZHX1","grey"
"DOHH","turquoise"
"PPIB","pink"
"DIAPH2","grey"
"PDCD5","turquoise"
"ZNF664","brown"
"SEPTIN10","grey60"
"SETBP1","grey"
"DPP6","yellow"
"OBSCN","green"
"LINC00526","salmon"
"AVIL","turquoise"
"USP13","lightgreen"
"WDR70","yellow"
"ARMCX6","green"
"SCRIB","black"
"UAP1","black"
"ABCB4","turquoise"
"UPK3A","grey"
"NXN","grey"
"MPLKIP","purple"
"MGME1","turquoise"
"AKR1A1","red"
"CGRRF1","turquoise"
"ASB15","turquoise"
"PTP4A3","yellow"
"NUP37","grey"
"AMY2A","salmon"
"CYB5R3","yellow"
"MRPL20","blue"
"CCR1","tan"
"RALY","green"
"AMY2B","salmon"
"NDUFA10","turquoise"
"CTBP2","purple"
"SOSTDC1","grey"
"LMCD1","yellow"
"TSPAN7","greenyellow"
"ATP5MF","turquoise"
"FERRY3","green"
"FILIP1","blue"
"LERFS","cyan"
"FOSL2","greenyellow"
"DARS1","brown"
"UQCRC1","turquoise"
"CIB1","red"
"DNAJC12","turquoise"
"SRPK1","brown"
"SLC25A6","red"
"MRAP2","turquoise"
"PRDX3","brown"
"GGPS1","brown"
"GKAP1","black"
"MSRB2","grey"
"MAP1B","tan"
"LRRC2","grey"
"PARP9","magenta"
"PLK2","red"
"RRN3","black"
"CINP","lightcyan"
"PCID2","blue"
"SHISA5","pink"
"ACSM5","turquoise"
"SNAP29","grey"
"UNC45B","grey"
"PRDX5","green"
"ING5","yellow"
"YTHDC1","purple"
"TRIM41","green"
"CASP3","grey"
"FOXL2","lightgreen"
"SYNM","grey"
"CSNK1A1","grey60"
"RAP1B","grey60"
"GALNT1","black"
"DLST","turquoise"
"CD46","greenyellow"
"CUL4B","brown"
"BIRC2","brown"
"RAMP1","blue"
"PAF1","grey"
"FBXW5","grey"
"TIMM8A","turquoise"
"ATP6V1E1","grey"
"RAPGEF2","grey60"
"LMO3","yellow"
"USP47","brown"
"TMEM156","black"
"BLOC1S2","turquoise"
"ARMCX3","turquoise"
"LIX1L","blue"
"PAAF1","blue"
"USF1","grey"
"DPH7","blue"
"SCAF11","black"
"ITPR1","purple"
"HADH","grey"
"LSMEM1","grey"
"AMY1A","salmon"
"GREB1L","yellow"
"ECHDC2","blue"
"NOP10","green"
"LAMB1","grey"
"MIB2","green"
"STN1","turquoise"
"CCDC28B","turquoise"
"YPEL1","turquoise"
"PRKCH","grey"
"GFM1","black"
"COBLL1","blue"
"ETV5","grey"
"FXR1","turquoise"
"ZDHHC14","grey"
"CCDC14","greenyellow"
"MPC2","turquoise"
"GMFB","grey"
"SIX1","grey"
"XBP1","greenyellow"
"PRXL2A","turquoise"
"KIAA0408","yellow"
"C19orf53","grey"
"NCBP2","brown"
"TMEM14A","pink"
"MAN1A2","grey"
"TMEM109","red"
"STAM","purple"
"ZBTB44","yellow"
"MRPL3","brown"
"SUV39H2","yellow"
"CENATAC","greenyellow"
"NUP43","yellow"
"DDX46","black"
"ARNT2","grey"
"ZNF330","greenyellow"
"ARX","grey"
"MACROH2A2","turquoise"
"FXYD1","grey"
"OSGIN1","grey"
"INAFM1","blue"
"AGPAT1","turquoise"
"SEC61G","grey"
"POLR2B","turquoise"
"NUDCD3","grey"
"UBP1","brown"
"TRA2A","yellow"
"MRPL14","green"
"RING1","blue"
"BMPR2","turquoise"
"ANXA4","pink"
"ZDHHC3","green"
"COL12A1","pink"
"NDUFA7","grey"
"SEMA4D","blue"
"PHF10","grey"
"SELENOK","salmon"
"ZNF281","blue"
"TMEM65","brown"
"OPN3","turquoise"
"NELFB","green"
"EIF3J","turquoise"
"KCTD12","blue"
"SSB","grey60"
"PLIN2","blue"
"CC2D1A","yellow"
"LIMK2","yellow"
"DPYSL5","midnightblue"
"EXOC8","grey60"
"DYNC1H1","blue"
"EMP3","pink"
"CSNK1D","grey"
"ATMIN","black"
"DARS2","turquoise"
"ZNF768","green"
"CORO1C","pink"
"MYL12A","grey"
"SMARCC2","grey"
"SQOR","brown"
"DACH1","magenta"
"GRN","red"
"HDHD5","turquoise"
"DOCK9","red"
"PWWP2B","green"
"ANKRD33","grey"
"ANKMY2","grey"
"DPP8","turquoise"
"THBS1","pink"
"ZNF669","yellow"
"MAP3K19","lightgreen"
"YIPF7","green"
"PYGM","green"
"DENND5B","brown"
"RBM4","red"
"COMMD10","brown"
"DEFB1","pink"
"ARHGAP10","grey"
"NADK","blue"
"TMEM245","grey"
"SRF","grey"
"NMT2","yellow"
"FAM43A","turquoise"
"KLC2","grey"
"RAB40C","blue"
"A4GALT","pink"
"GBF1","grey"
"TPP1","red"
"TIGD1","grey"
"APOBEC2","purple"
"BBX","cyan"
"FGGY","blue"
"TARBP1","yellow"
"SNRNP35","black"
"TRIOBP","yellow"
"MRPL23","green"
"TRO","red"
"ANKRD9","grey"
"MACF1","blue"
"SLC25A28","yellow"
"BRD3","grey"
"VBP1","brown"
"PADI2","grey"
"TARBP2","grey"
"GLS","brown"
"TICAM1","red"
"GPN3","salmon"
"BNIP3L","cyan"
"GNB1","red"
"UPF3A","greenyellow"
"SCAP","blue"
"RBM18","brown"
"SRXN1","greenyellow"
"TSC22D2","greenyellow"
"STOM","red"
"NKIRAS1","black"
"MID2","turquoise"
"DRAP1","black"
"TENT2","purple"
"SYNE1","blue"
"USP7","green"
"PDGFC","grey"
"PCCA","turquoise"
"STT3A","blue"
"BCL2L1","red"
"DRG1","grey"
"USE1","black"
"INTS13","turquoise"
"EXOC7","salmon"
"IPP","lightgreen"
"TMEM86B","midnightblue"
"SPSB2","red"
"ATP1A2","grey"
"BBS5","grey"
"CROT","grey"
"TRRAP","blue"
"PITX2","grey"
"GZMA","tan"
"NXF1","blue"
"CPNE2","red"
"C12orf57","grey"
"NUCKS1","cyan"
"PRRG1","purple"
"CPSF7","midnightblue"
"HOXA9","purple"
"PSMB8","tan"
"IFIT3","magenta"
"RAN","salmon"
"SLC12A4","grey"
"PGK1","turquoise"
"TTC3","grey"
"GUCY1B1","magenta"
"TMEM106C","grey"
"PRICKLE1","grey"
"YWHAH","blue"
"IFIT2","magenta"
"ERH","grey"
"PDIK1L","black"
"CNIH4","black"
"THAP4","lightcyan"
"TPRG1","grey"
"RBBP7","black"
"MRPL16","turquoise"
"HSPBAP1","grey"
"BRI3","grey"
"HINT3","turquoise"
"EHD1","magenta"
"SRPK2","grey"
"CLINT1","brown"
"CCDC107","grey"
"ZNF76","grey"
"PSMC4","red"
"ACO1","brown"
"ERGIC2","brown"
"KLHDC10","brown"
"SLC67A1","pink"
"TCEAL7","blue"
"PLCB1","brown"
"KCTD8","yellow"
"TRIM38","tan"
"NPEPL1","grey"
"YAF2","brown"
"SS18L1","turquoise"
"VPS52","grey"
"TYW2","turquoise"
"BAMBI","turquoise"
"LSM1","brown"
"SEPTIN7","black"
"MEMO1","turquoise"
"RIDA","brown"
"TOMM40","green"
"VHL","yellow"
"METTL15","brown"
"TDRD9","midnightblue"
"DPM1","salmon"
"STK38","lightcyan"
"ASB2","grey"
"LAP3","magenta"
"ASTE1","blue"
"DIP2C","grey"
"PODXL","black"
"PHF13","blue"
"RARRES1","pink"
"TMEM50B","green"
"COA7","grey"
"RETREG3","grey"
"MCUB","pink"
"HEXD","blue"
"GLDC","grey"
"EIF4E2","grey"
"USP16","brown"
"ABCC8","grey"
"CNN1","red"
"PCED1A","red"
"DENND6A","black"
"FAAH","greenyellow"
"TGFBR3","yellow"
"ATP5MG","turquoise"
"TM6SF1","green"
"MRPL39","brown"
"SYNE3","pink"
"BUD13","blue"
"SLC66A3","pink"
"KIAA2013","green"
"TMEM38A","green"
"NIPSNAP1","turquoise"
"TSPYL2","blue"
"ZNF653","blue"
"ZDHHC8","red"
"ADGRE5","yellow"
"FAM110D","red"
"SERPINB6","lightcyan"
"GPC4","turquoise"
"SGCB","brown"
"MAP1S","grey"
"PELP1","grey"
"SLC37A4","grey"
"RPP40","brown"
"HSPB2","grey"
"HLTF","turquoise"
"BIVM","brown"
"DTNA","grey"
"CDC37","grey"
"FUNDC2","green"
"SNN","turquoise"
"ABCF1","grey"
"GPRC5C","yellow"
"RNF121","turquoise"
"FOXJ2","blue"
"TBCK","grey"
"MICAL1","red"
"GPD2","brown"
"PRNP","purple"
"CCM2","lightcyan"
"RDX","brown"
"USP14","yellow"
"NXT1","red"
"AGPAT5","brown"
"ACSS2","blue"
"NPC2","red"
"ETV6","turquoise"
"PFN1","red"
"INPP4B","grey"
"PPIL1","brown"
"NUAK1","midnightblue"
"H2BC21","yellow"
"COPRS","lightcyan"
"CELF2","blue"
"SYNPO","green"
"RTKN","turquoise"
"IDH1","turquoise"
"JMJD1C","grey60"
"MYO19","turquoise"
"RPL36A","grey"
"ARV1","turquoise"
"SPG7","blue"
"MAP3K14","blue"
"BRD8","blue"
"SRP68","grey"
"LYL1","red"
"IP6K1","blue"
"HAPSTR1","brown"
"GALK1","blue"
"BTG1","purple"
"XK","brown"
"CITED4","grey"
"SLU7","grey"
"ABCE1","brown"
"MRPL4","green"
"CALM1","greenyellow"
"EPM2AIP1","grey"
"SNTA1","lightcyan"
"PARVB","turquoise"
"CLDN11","pink"
"PACSIN2","red"
"C11orf71","turquoise"
"EPC1","grey"
"RIOX2","brown"
"DNAJC11","lightcyan"
"SEC63","black"
"CBFA2T3","magenta"
"YTHDF2","blue"
"H4C8","green"
"TMEM129","green"
"YEATS4","brown"
"UCKL1","grey"
"MAD2L2","grey"
"UPP1","red"
"SLC35B1","green"
"SPSB3","grey"
"SIVA1","grey"
"PPP1R14A","yellow"
"ZNF511","green"
"TRA2B","grey60"
"ZNF689","blue"
"SLC29A1","turquoise"
"EMID1","pink"
"NSA2","grey"
"BACE2","magenta"
"VKORC1","pink"
"ACSL5","red"
"TRAPPC1","turquoise"
"KBTBD8","black"
"AK6","turquoise"
"HLA-F","tan"
"ELP5","green"
"TRMT61B","brown"
"ZNF544","grey"
"COPG2","turquoise"
"LMAN2L","grey"
"TRAK2","turquoise"
"PIWIL2","grey"
"SYNGR2","yellow"
"BCKDHA","grey"
"SLC49A3","grey"
"GIN1","brown"
"H2AC6","grey"
"AFF1","grey"
"RAB5IF","turquoise"
"NGRN","turquoise"
"C1QBP","green"
"STAC3","green"
"RNF141","brown"
"PIK3R3","black"
"WLS","grey"
"GCA","tan"
"TJAP1","blue"
"GOLM2","brown"
"MRPL45","black"
"ATP6V1C1","turquoise"
"PRCC","yellow"
"CRK","grey"
"PTP4A1","green"
"CLUH","grey"
"PPP6R2","grey"
"SETD3","green"
"LCOR","salmon"
"RGMA","blue"
"XPO1","purple"
"PRDX6","blue"
"DMTN","green"
"NETO2","grey"
"TAF5","yellow"
"LYPLA2","green"
"WDR91","greenyellow"
"SRSF8","greenyellow"
"RANBP6","turquoise"
"ZNF583","lightgreen"
"RNPEPL1","green"
"KCNJ14","midnightblue"
"FAAP24","grey"
"PTBP2","grey"
"TMCC1","turquoise"
"NLRP3","grey"
"STRN4","lightgreen"
"CX3CL1","magenta"
"NCSTN","blue"
"OSBP","grey"
"GAS2","grey"
"MYOZ3","brown"
"CTSS","tan"
"ADCY3","magenta"
"DDX18","greenyellow"
"NOTCH1","magenta"
"TOP1","blue"
"CFH","pink"
"PLAGL2","grey"
"MRPS22","turquoise"
"TRIM2","grey60"
"CD99L2","green"
"AKIRIN2","grey"
"MRPS27","turquoise"
"OXR1","brown"
"SARS2","green"
"NARS2","turquoise"
"B4GAT1","blue"
"MIR600HG","blue"
"SSR3","black"
"DTNB","grey"
"CD248","grey"
"CHD1L","grey"
"TMBIM1","green"
"LRRC8C","magenta"
"PKIG","grey"
"TMEM60","grey"
"ADRA2B","magenta"
"FKBP1A","green"
"IL17RC","turquoise"
"LYAR","grey"
"ZFP3","brown"
"SP1","grey"
"TLCD4","brown"
"CES3","grey"
"MLLT3","brown"
"SIGMAR1","pink"
"ZDHHC16","turquoise"
"MSN","red"
"MRPL32","black"
"MLXIPL","turquoise"
"TMX1","purple"
"MSC","red"
"GTF2IRD1","grey"
"BCL2L13","grey"
"PPP3CB","grey"
"GRAMD1A","red"
"ST7","grey"
"NEU1","blue"
"FAM200C","grey"
"THEM6","lightcyan"
"ACADVL","grey"
"GAMT","yellow"
"AMFR","green"
"PDXK","grey"
"PLD6","blue"
"MTHFS","green"
"CENPQ","grey60"
"CFL2","brown"
"TACC2","blue"
"SLC30A5","brown"
"THBS2","pink"
"TMX2","turquoise"
"NUCB1","green"
"TRIM37","brown"
"MAP4K3","salmon"
"TRIM45","grey"
"RPL36AL","grey"
"PANK4","grey"
"PA2G4","grey"
"HDAC2","brown"
"PPP6R3","grey"
"C2CD2","red"
"CAB39","grey"
"TCF25","blue"
"CDKN3","lightgreen"
"FBXO3","turquoise"
"FKBP4","grey"
"CRLS1","brown"
"HEYL","grey"
"TAL2","yellow"
"ADRM1","green"
"TREML1","midnightblue"
"NDUFB5","brown"
"DLC1","magenta"
"ATF7IP","grey"
"BRAT1","blue"
"LLPH","yellow"
"GBP3","magenta"
"HECTD2","salmon"
"EIF2S1","grey"
"PRRC1","grey60"
"C17orf58","purple"
"NOTCH2NLA","black"
"PUF60","red"
"SET","brown"
"HERC1","turquoise"
"ARMC6","grey"
"CTNNAL1","grey"
"VPS28","grey"
"COMT","yellow"
"TENT4A","blue"
"SRPX","blue"
"DCTN4","black"
"CDC42EP5","blue"
"ENPP1","turquoise"
"KRCC1","turquoise"
"CEBPA","grey"
"DLL1","magenta"
"RALB","grey"
"NPHP3","greenyellow"
"RETREG1","purple"
"N4BP1","brown"
"IFI30","tan"
"RASGRP3","brown"
"AK2","turquoise"
"RILP","green"
"MAPKAPK2","green"
"OAS3","magenta"
"SRPRB","salmon"
"VSIG4","tan"
"GRAMD2B","yellow"
"IWS1","turquoise"
"ACAD9","grey"
"FOXE1","midnightblue"
"ZGRF1","salmon"
"FBXO30","turquoise"
"RAPSN","grey"
"NUFIP2","grey"
"EIF4EBP3","turquoise"
"DCAF8","grey"
"MTCH1","blue"
"BAZ2B","purple"
"GNL2","grey"
"PFKFB4","grey"
"RPL22","turquoise"
"MICAL2","blue"
"ZMYND11","brown"
"UGP2","turquoise"
"PTGIS","pink"
"GPAA1","grey"
"TMEM9B","turquoise"
"SIL1","blue"
"NFKB1","blue"
"BRD2","blue"
"ABCC4","grey"
"GINS2","grey"
"COPS8","brown"
"L3HYPDH","turquoise"
"MAB21L1","grey"
"SLC45A3","grey"
"UBE2O","lightgreen"
"CLHC1","grey"
"SNRNP48","grey"
"H3-3A","red"
"FUT1","grey"
"GTF2H2","grey"
"RNF123","turquoise"
"MACO1","turquoise"
"VCPKMT","grey"
"ZNF449","purple"
"RTN2","grey"
"KLHL8","grey"
"MAP4K2","red"
"NKAIN2","black"
"P4HA2","pink"
"ABCF2","green"
"METTL1","red"
"RNF114","blue"
"LYPLAL1","grey"
"PRDX2","turquoise"
"OCRL","greenyellow"
"SMPD4","grey"
"PACSIN3","green"
"ZGPAT","yellow"
"BDH2","grey"
"DENND1B","brown"
"MAPT","green"
"SLC16A9","grey"
"TRIM13","grey"
"PIGU","red"
"LINC03124","salmon"
"DPAGT1","grey"
"STK3","purple"
"COX7A1","black"
"CA3","greenyellow"
"ZNF556","grey"
"BCAT2","grey"
"ADO","brown"
"CRKL","blue"
"PSMC3","yellow"
"TFDP1","turquoise"
"SPRY2","purple"
"CHCHD7","grey"
"RAB6C","black"
"NKX3-1","salmon"
"TMEM71","tan"
"IFI35","magenta"
"RBM15","blue"
"TCEA1","brown"
"EIF4EBP2","turquoise"
"TAF10","green"
"SDHAF2","turquoise"
"MVB12A","grey"
"MYL2","grey"
"HSD17B10","grey"
"MTRF1","brown"
"EXOC4","grey"
"CLCN3","brown"
"ROGDI","green"
"NQO1","red"
"MED9","grey"
"TOGARAM1","black"
"RUNX1","grey"
"PHACTR2","purple"
"RAB32","pink"
"ABTB1","grey"
"ABITRAM","green"
"ENPEP","grey"
"BSDC1","yellow"
"SGCD","turquoise"
"CUTC","brown"
"INSIG1","turquoise"
"SOX7","magenta"
"ATXN1","grey"
"UTP4","grey"
"MRPS21","turquoise"
"MLIP","greenyellow"
"DOLK","red"
"NDUFB6","turquoise"
"ANK3","grey"
"MLST8","green"
"PLCG1","red"
"ZNF581","yellow"
"ANKZF1","yellow"
"ACVRL1","pink"
"GNPDA1","blue"
"ATP10D","magenta"
"POLR1G","green"
"RGS2","blue"
"GPRASP2","brown"
"GNPAT","brown"
"SPRED2","red"
"TANGO2","green"
"SLC38A11","blue"
"CDC42","grey"
"KCTD3","brown"
"AVEN","turquoise"
"HTATSF1","green"
"PDGFRA","pink"
"DDX19B","grey"
"KLKB1","grey"
"ZFPM2","grey"
"XRCC5","grey"
"KHDC4","greenyellow"
"SLC25A5","grey"
"PELO","red"
"NR3C1","grey"
"FGF18","lightgreen"
"IL15","tan"
"C7","grey"
"POLR3K","green"
"SEPHS2","brown"
"AGAP4","yellow"
"LANCL1","brown"
"THAP8","grey"
"PYCR1","grey"
"FBL","yellow"
"CSE1L","blue"
"YIPF5","turquoise"
"FANCC","blue"
"PPID","turquoise"
"INSIG2","turquoise"
"SH3BP4","pink"
"KLHL9","magenta"
"CCDC124","yellow"
"RAB31","pink"
"TTC13","brown"
"KRTAP12-4","grey"
"NUDT16L1","green"
"PIAS4","red"
"TCFL5","grey"
"CD2BP2","grey"
"CCDC127","grey"
"RPS17","grey"
"MEGF8","lightcyan"
"IFI16","magenta"
"NUP98","greenyellow"
"HDHD2","black"
"DPYSL4","yellow"
"HSPB3","purple"
"EMC2","black"
"COMTD1","green"
"IGF1R","grey"
"TMCO1","purple"
"MATR3","purple"
"SCAMP4","yellow"
"BTBD1","brown"
"EIF2A","turquoise"
"MITF","brown"
"NOL3","green"
"SPR","turquoise"
"HEY2","green"
"GLO1","turquoise"
"KRTAP19-3","pink"
"ANAPC10","brown"
"POLR2C","grey"
"PEX11A","green"
"COG4","grey"
"TSFM","turquoise"
"RPSA","turquoise"
"RAB11FIP3","grey"
"UBE2V2","brown"
"TCERG1","grey60"
"SPPL2A","grey"
"NRM","red"
"TMED5","purple"
"PAGE5","midnightblue"
"PSMB2","red"
"TBC1D7","turquoise"
"GRPEL2","brown"
"FBXO40","lightgreen"
"OAZ1","red"
"ZDHHC5","lightcyan"
"CREB3","yellow"
"GUF1","turquoise"
"ZNRF2","turquoise"
"TECR","green"
"FAM20B","turquoise"
"CCDC106","midnightblue"
"FLAD1","green"
"MPIG6B","midnightblue"
"STX7","turquoise"
"PRDX4","pink"
"FADS2","pink"
"DAP","pink"
"RBBP8NL","turquoise"
"NECAB3","turquoise"
"RAP1A","green"
"PRSS21","midnightblue"
"EBP","green"
"PTGS1","pink"
"ODAD4","grey"
"ZNF692","yellow"
"RPL37","yellow"
"FGF9","turquoise"
"MARCO","tan"
"SCAMP5","grey"
"VAMP7","brown"
"C11orf68","blue"
"SOX8","midnightblue"
"CD47","grey"
"NSMCE4A","grey"
"UBE2L6","magenta"
"RPS29","brown"
"STON2","grey"
"CIROZ","grey"
"DYNC2I1","turquoise"
"CBX3","brown"
"MTPAP","cyan"
"DNAJB9","salmon"
"KLHL7","brown"
"TIPARP","grey"
"CCM2L","magenta"
"SRSF6","greenyellow"
"SLC12A7","red"
"MED13L","grey60"
"LIG4","salmon"
"EBF1","purple"
"HOXA3","blue"
"FGFR3","red"
"HOPX","black"
"SLC25A27","grey"
"TEFM","brown"
"SIAE","turquoise"
"S100A12","grey"
"NME3","yellow"
"THUMPD1","blue"
"DICER1","greenyellow"
"PEX2","brown"
"BAZ1A","grey"
"FRY","purple"
"SLC29A4","grey"
"RHOT2","blue"
"NUDT22","green"
"UBE2S","green"
"USP15","brown"
"CXCL12","purple"
"PEX16","blue"
"SEC31B","grey"
"RGN","turquoise"
"PROS1","purple"
"PSEN2","green"
"GABARAPL2","green"
"MEF2C","brown"
"STXBP6","grey"
"PSMB1","blue"
"STARD8","magenta"
"ORC2","brown"
"CYYR1","purple"
"RNF181","grey"
"GPR160","purple"
"TMEM204","magenta"
"ANAPC5","green"
"CYGB","red"
"PPA1","grey"
"MRPL43","green"
"MEST","grey"
"SP140L","grey"
"SCAND1","yellow"
"CCZ1B","turquoise"
"HIF1AN","green"
"MAT2B","grey60"
"PFDN4","black"
"ATP5PB","brown"
"BHLHE41","brown"
"GPR137B","pink"
"TRAPPC11","brown"
"CNIH1","brown"
"SAR1A","black"
"KLHDC9","turquoise"
"TMEM97","grey"
"CHIC2","blue"
"CENPN","turquoise"
"CLTC","black"
"ARHGAP44","grey"
"SNRPB","blue"
"C1orf162","tan"
"CSNK2A2","turquoise"
"TUT1","blue"
"HUWE1","green"
"GINM1","cyan"
"ANAPC4","grey"
"C1orf116","grey"
"MAD2L1BP","grey"
"PNMA8A","yellow"
"TRIP11","grey"
"HSD3B7","grey"
"CPEB3","grey60"
"GSTP1","grey"
"CWC27","brown"
"SMIM14","yellow"
"MTERF4","turquoise"
"NUP210","grey"
"ZNF211","blue"
"CLIP2","magenta"
"HSD17B8","green"
"SH2D1A","pink"
"MCFD2","brown"
"JOSD1","blue"
"HSPA9","grey"
"CAPN1","blue"
"STOML1","red"
"SLC11A2","grey"
"IPO13","brown"
"ELP1","turquoise"
"CCS","grey"
"REV3L","black"
"TERF2IP","blue"
"STARD7","grey"
"PPM1M","red"
"YAP1","grey"
"NLRP1","midnightblue"
"TRNT1","turquoise"
"CTSZ","grey"
"PRPF3","blue"
"ACHE","turquoise"
"SSH2","blue"
"RAB7A","green"
"CDK9","blue"
"REV1","grey"
"ACOX1","blue"
"ABHD6","grey"
"BCCIP","turquoise"
"REXO4","turquoise"
"VRK2","black"
"EHD4","red"
"SMPDL3A","brown"
"IPPK","grey"
"ANGPT2","grey"
"TNS2","blue"
"ZNF395","cyan"
"LINC00158","black"
"PFDN1","green"
"EIF2B2","grey"
"GEMIN4","blue"
"ATG4A","brown"
"C19orf12","brown"
"FAM20C","green"
"COX7B","brown"
"SKIC3","brown"
"PPP1R26","lightcyan"
"BLOC1S1","grey"
"BRK1","green"
"RBFOX1","grey"
"TMTC1","grey"
"ZMPSTE24","purple"
"ANKRA2","turquoise"
"KIAA0513","green"
"AQP7","grey"
"MTDH","black"
"COPS3","brown"
"ALKBH8","brown"
"ARHGAP25","magenta"
"SULT1A2","grey"
"DHTKD1","turquoise"
"STAMBPL1","grey"
"ZFYVE16","black"
"ANKRD10","greenyellow"
"MAPK3","blue"
"LILRB2","tan"
"LRRN3","grey"
"SLC25A14","pink"
"FLYWCH1","grey"
"USP32","brown"
"SYT17","grey"
"GRB2","blue"
"ANKRD29","purple"
"DOCK2","tan"
"TBC1D23","grey"
"TPD52L2","grey"
"PRPF8","grey"
"SPG11","grey"
"NKIRAS2","green"
"BMS1","turquoise"
"MAP10","turquoise"
"RCAN3","midnightblue"
"EIF4B","grey"
"SPATA46","grey"
"MEF2D","blue"
"SIRT3","grey"
"RAD21","purple"
"ASRGL1","grey"
"SMG7","green"
"POLR2A","yellow"
"SESTD1","purple"
"DHRS7B","salmon"
"SEPTIN2","blue"
"PPP1CC","brown"
"SNRPC","grey"
"PRKRA","brown"
"SIGIRR","green"
"SUGCT","brown"
"CD3D","tan"
"CHCHD1","turquoise"
"C19orf47","grey"
"LRP10","yellow"
"TNNT1","grey"
"ARHGEF10","purple"
"SLC7A5","grey"
"ITM2B","purple"
"GDF10","pink"
"OSTM1","brown"
"PCTP","turquoise"
"ADK","brown"
"TBC1D14","green"
"CHAMP1","blue"
"GTF2H3","brown"
"APBA3","grey"
"RAB2B","greenyellow"
"FAM185A","grey"
"CLCN6","blue"
"PLPP3","purple"
"DNAAF3","turquoise"
"JAG2","yellow"
"STX8","turquoise"
"RALBP1","brown"
"MYL1","turquoise"
"JAM2","magenta"
"PBX1","black"
"TBX1","grey"
"ATP5F1D","green"
"PAPSS2","grey"
"WTAP","salmon"
"PSMA6","black"
"COQ4","grey"
"VARS2","grey"
"YY1","cyan"
"CRYM","grey"
"UBXN1","grey"
"CLTA","blue"
"FOXO4","lightgreen"
"PPP2R3A","brown"
"DBNL","red"
"COX5B","turquoise"
"MOB1B","black"
"EXOC3","yellow"
"ABCC1","brown"
"ANGPTL1","grey"
"HMGB3","grey"
"CAMSAP1","blue"
"SLC66A2","grey"
"PTPDC1","turquoise"
"NAP1L1","brown"
"MTSS1","blue"
"PPIL4","purple"
"SPEN","blue"
"CASQ1","grey"
"CAPN3","blue"
"AP3S2","green"
"MDK","magenta"
"DRAM2","brown"
"NUCB2","black"
"UBFD1","yellow"
"PEX14","green"
"SELP","yellow"
"PRDX1","blue"
"SIM2","grey"
"STK4","pink"
"TRAM1","purple"
"RPF1","black"
"SMIM7","blue"
"MPRIP","grey"
"HPS6","red"
"PTGES3","purple"
"ZER1","grey"
"TIMM44","green"
"ANAPC15","green"
"HDGF","grey"
"ATF1","brown"
"C1orf50","blue"
"SOX4","grey"
"CBX5","turquoise"
"MMUT","turquoise"
"GNPTG","yellow"
"SNRNP200","blue"
"GLT8D1","grey"
"FAF2","blue"
"D2HGDH","yellow"
"CLDN7","turquoise"
"SLC35E1","green"
"TBX3","red"
"HYAL2","grey"
"TMEM47","purple"
"PSMD12","green"
"DPP3","salmon"
"POLDIP3","yellow"
"SLC35E3","brown"
"RNF113A","grey"
"L2HGDH","brown"
"SLC3A2","grey"
"MLF2","green"
"PARD6A","lightcyan"
"IL16","lightgreen"
"DCAF7","salmon"
"MNAT1","grey"
"MATN4","grey"
"EMD","blue"
"PSME4","turquoise"
"OGA","grey"
"CYFIP2","grey"
"GNPTAB","turquoise"
"C1QTNF5","grey"
"PSMB10","lightcyan"
"ZMAT2","grey"
"ARHGAP35","midnightblue"
"CXCL17","midnightblue"
"CYP4X1","salmon"
"IK","grey"
"RPL26L1","turquoise"
"MYO6","purple"
"TINAGL1","magenta"
"MRFAP1","greenyellow"
"UBE2R2","grey"
"ZNF777","blue"
"SCAMP2","blue"
"MTRF1L","turquoise"
"NENF","grey"
"TFAM","grey"
"ARHGEF3","grey"
"TAF1D","greenyellow"
"CKAP5","grey"
"OXSM","turquoise"
"SPMIP6","turquoise"
"PMPCB","brown"
"RILPL1","turquoise"
"PSMD4","green"
"EIF1AD","blue"
"KRT10","green"
"CDK8","brown"
"SDHA","turquoise"
"PIGV","yellow"
"GRIA2","blue"
"TMEM74B","magenta"
"LTBP3","grey"
"PIGT","grey"
"MFN1","brown"
"NAV1","magenta"
"GATA6","grey"
"TPP2","black"
"CUL3","brown"
"FAF1","lightgreen"
"TMEM117","brown"
"PSMF1","brown"
"DPCD","turquoise"
"SHMT2","turquoise"
"MYO1B","black"
"CEACAM1","magenta"
"ODF4","midnightblue"
"PPIP5K1","grey"
"CMTM6","pink"
"TAPT1","black"
"OLFML1","pink"
"UBE2L3","blue"
"RELA","yellow"
"CCNY","cyan"
"MAPRE3","green"
"CDH5","grey"
"PAQR3","brown"
"DEK","brown"
"POGK","red"
"NLRX1","grey"
"ERGIC3","green"
"HEBP2","turquoise"
"DCAF11","yellow"
"SH2B2","green"
"LMO7","greenyellow"
"PUM1","purple"
"NAP1L4","green"
"PCNX4","blue"
"RBBP6","greenyellow"
"SLC29A2","grey"
"RAPGEF5","grey60"
"GGA2","turquoise"
"CAMLG","grey"
"NOCT","blue"
"RWDD1","turquoise"
"ELP2","grey"
"RPN2","cyan"
"SPRTN","purple"
"EXOSC3","grey"
"ANK2","brown"
"STBD1","grey"
"SPIB","brown"
"CLIC6","turquoise"
"GAS6","red"
"IGSF1","grey"
"COX8A","turquoise"
"FRMD4A","purple"
"ELOA","lightcyan"
"SLCO4A1","grey"
"SYF2","black"
"MED16","grey"
"LSR","red"
"ANTKMT","grey"
"ROCK2","black"
"RPS19","yellow"
"GSTO2","midnightblue"
"TSPAN15","green"
"RPRD2","grey"
"PTCRA","grey"
"LYG1","grey"
"ETHE1","grey"
"PIGH","brown"
"FKBP3","black"
"SSNA1","green"
"ACSL3","black"
"YWHAE","turquoise"
"MECR","lightcyan"
"SLC2A3","yellow"
"IFT25","black"
"ADD1","blue"
"INSR","grey"
"FXYD5","tan"
"CPT2","turquoise"
"AHI1","grey"
"TRIM23","black"
"INHBE","grey"
"PARM1","midnightblue"
"MDH2","turquoise"
"FAH","green"
"RPS27A","purple"
"NUDT21","grey"
"WDTC1","green"
"LTV1","green"
"RBL2","grey"
"CPSF2","turquoise"
"TMEM160","green"
"ESF1","brown"
"LAPTM4A","grey"
"RPP21","red"
"FCHSD2","purple"
"MOSPD1","brown"
"TERF1","cyan"
"NDUFB9","lightcyan"
"AQP2","grey"
"UBE2W","grey"
"USP46","turquoise"
"ZMYM3","blue"
"ENTREP3","turquoise"
"SCAMP3","blue"
"ANTXR2","pink"
"BACH1","grey60"
"WNK1","turquoise"
"GPATCH3","blue"
"COX7A2L","turquoise"
"EXD2","grey"
"GMFG","grey"
"ZIC5","midnightblue"
"GIPC1","brown"
"NSFL1C","grey"
"TNFRSF1A","red"
"STOML2","green"
"MASTL","grey"
"BCAP29","turquoise"
"LIN7B","green"
"PPIE","yellow"
"EIF3H","brown"
"FARS2","turquoise"
"DNAJC24","brown"
"CELSR2","grey"
"CSTF3","grey"
"PDCL3","green"
"MASP1","grey"
"OSTC","grey"
"ELOC","brown"
"CD44","lightgreen"
"TGFB3","grey"
"IRF2","grey"
"ZNF239","black"
"TALDO1","blue"
"GAB1","grey"
"ERAP1","lightgreen"
"RPS9","grey"
"UBA1","grey"
"CHST10","salmon"
"MYL11","grey"
"MAN2C1","greenyellow"
"PNRC2","purple"
"MINPP1","black"
"TNFRSF25","magenta"
"CCDC43","turquoise"
"SPPL2B","grey"
"SNX10","tan"
"SRSF9","pink"
"ALG6","brown"
"DOCK11","tan"
"TAF1C","blue"
"ADAMTS9","grey"
"CAMKK2","turquoise"
"GRHPR","lightcyan"
"PHPT1","grey"
"ZNF770","midnightblue"
"MED28","green"
"TNFAIP1","lightcyan"
"KIF25-AS1","grey"
"PTPRR","salmon"
"TMEM50A","grey"
"SPTB","turquoise"
"AKR1B1","turquoise"
"ALOX5","tan"
"SOHLH2","black"
"PLCXD1","yellow"
"DCUN1D2","green"
"SPRYD3","grey"
"RANBP1","blue"
"SUGT1","turquoise"
"TCEAL4","brown"
"RGS11","red"
"FAM241A","grey"
"RAP2C","grey60"
"FPGS","grey"
"ABCB6","green"
"ADGRE3","lightgreen"
"CENPB","green"
"GNLY","grey"
"EEF1AKMT1","grey"
"TOR1AIP1","grey"
"TSEN15","purple"
"DTNBP1","turquoise"
"CLIP3","red"
"COPZ1","green"
"SND1","green"
"RAPGEFL1","midnightblue"
"MRPS18A","green"
"PVR","grey"
"STAT5B","grey"
"MMADHC","brown"
"COX4I2","magenta"
"TPM1","grey"
"SIX2","grey"
"MYOM2","greenyellow"
"HSP90AA1","brown"
"SFRP4","pink"
"LPAR1","purple"
"THRSP","grey"
"CD200","purple"
"PRKAR2A","turquoise"
"NBPF1","greenyellow"
"ATP1B3","salmon"
"ARL4A","magenta"
"HJV","brown"
"UFC1","grey"
"SPINK6","grey"
"PRPF19","red"
"DUS3L","yellow"
"EEF1AKMT4","green"
"HNRNPLL","black"
"RAB8A","tan"
"CACNB2","grey"
"TMEM123","purple"
"TMA7","grey"
"DCAF12","purple"
"ING2","grey"
"LPCAT4","pink"
"FCRL2","lightgreen"
"TMEFF2","grey"
"MAN1A1","purple"
"ERBIN","grey"
"TNFRSF11B","grey"
"TM2D1","grey"
"MSH6","grey"
"ATP6V1B2","turquoise"
"BTG3","pink"
"FAM156A","grey"
"ZNF146","black"
"LRRC20","grey"
"POLR2H","grey"
"PI4KA","blue"
"UBE2J1","blue"
"SIPA1L2","green"
"CYC1","turquoise"
"ARHGEF4","yellow"
"DHRS9","magenta"
"RAD23A","grey"
"CYB5R1","grey"
"FAM222A","turquoise"
"ITM2C","red"
"TCEA2","yellow"
"CPD","purple"
"RAPGEF3","red"
"SHPK","red"
"OTUD4","brown"
"ILK","blue"
"TMOD1","grey"
"SMS","green"
"BRF2","yellow"
"MRPL42","brown"
"CYBA","tan"
"SHOX","lightgreen"
"PLAG1","yellow"
"SGSH","grey"
"SMAD2","turquoise"
"RBM12B","cyan"
"NOP56","yellow"
"PLLP","red"
"LENG8","midnightblue"
"IGSF21","blue"
"TPPP2","turquoise"
"MTERF3","grey"
"PIDD1","red"
"POLR2D","brown"
"TMEM51","red"
"DHX58","magenta"
"BNIP2","brown"
"ATG5","black"
"RAI14","grey"
"MS4A8","grey"
"HOXA11","green"
"CRNKL1","grey"
"GLUD1","turquoise"
"CXXC1","blue"
"ZNF532","brown"
"YWHAZ","purple"
"PIK3CD","tan"
"BCOR","grey"
"PNKP","lightgreen"
"ZNF578","yellow"
"BLCAP","green"
"ITGBL1","pink"
"ELF2","purple"
"RBM12","blue"
"ARHGEF9","brown"
"PCGF1","turquoise"
"ARRDC1-AS1","grey"
"AHCY","grey"
"SFXN5","salmon"
"FBXL6","grey"
"TMEM216","magenta"
"NCF4","tan"
"NPTX2","greenyellow"
"SLC44A5","yellow"
"NAXD","grey"
"ATP6AP1","grey"
"B3GNT5","blue"
"SLC41A3","blue"
"ZNF827","grey"
"KLC1","green"
"TOR3A","turquoise"
"VIPAS39","grey"
"MRPL19","brown"
"LRRC17","pink"
"NRSN2","midnightblue"
"EIF4ENIF1","grey"
"GLRX","blue"
"GCDH","turquoise"
"RNPS1","green"
"ALDOA","green"
"UBC","grey"
"CLCN7","blue"
"DAZAP2","salmon"
"PLPP7","greenyellow"
"JAK1","brown"
"CARD19","grey"
"CDK2AP2","red"
"DCDC2","grey"
"ADIPOR1","turquoise"
"IREB2","brown"
"TNFAIP8L1","magenta"
"PKD1","grey"
"HELQ","brown"
"TBRG1","yellow"
"CPLX2","turquoise"
"POPDC1","turquoise"
"EIF4G1","green"
"DCBLD2","blue"
"MFF","brown"
"REXO2","turquoise"
"SUGP2","blue"
"APRT","green"
"ZBTB4","blue"
"SNCA","grey"
"GTF2A2","green"
"KLHDC3","green"
"RNF19A","purple"
"TRIM8","red"
"EP300","blue"
"SMYD3","green"
"HSP90B1","black"
"ALG5","turquoise"
"CIMAP1A","grey"
"YAE1","turquoise"
"TEDC1","grey"
"REEP6","turquoise"
"ZNF830","yellow"
"BTN3A3","magenta"
"MORF4","brown"
"ROCK1","grey"
"ITPA","green"
"DMRT1","lightgreen"
"DAD1","grey"
"WDR48","grey"
"RINL","grey"
"CALCOCO2","grey"
"FDX2","green"
"URB1-AS1","green"
"ZNF83","grey60"
"TEK","purple"
"RPL29","grey"
"VARS1","grey"
"ANKRD35","green"
"ADAM17","yellow"
"LY96","pink"
"PPP2R1A","greenyellow"
"RHOA","red"
"RAB29","turquoise"
"PEBP1","grey"
"SMPX","black"
"BST2","magenta"
"TSC2","grey"
"DHCR7","green"
"ALS2","brown"
"OTUB1","grey"
"SEC23A","brown"
"CDK10","red"
"SNHG32","green"
"TMEM268","black"
"COG2","lightcyan"
"DDX11L2","midnightblue"
"ATP6V1B1","grey"
"ACLY","purple"
"ZNF767P","yellow"
"SLC35A1","grey"
"CCDC6","brown"
"RHOBTB3","yellow"
"AGPAT2","red"
"AGGF1","black"
"EVI5","yellow"
"STRAP","turquoise"
"UEVLD","turquoise"
"TMEM175","yellow"
"HMOX1","grey"
"FIG4","grey"
"XPC","yellow"
"RAB9A","grey"
"EVI2B","tan"
"TESK1","grey"
"B4GALNT1","grey"
"DCTN1","green"
"KDM3A","grey"
"LHX6","red"
"SLC35A5","red"
"PEPD","grey"
"TRAPPC4","grey"
"BACE1","brown"
"KREMEN2","lightgreen"
"DCUN1D1","brown"
"PSMD1","green"
"KLHL5","red"
"ARL6IP4","blue"
"MPP1","turquoise"
"PTGR3","turquoise"
"ZBED5","purple"
"GLA","grey"
"RNASEH1","turquoise"
"AKAP17A","blue"
"GMPS","turquoise"
"GDPD5","brown"
"LINC00663","grey"
"ABHD12","pink"
"AUP1","green"
"MST1","blue"
"FBXO27","turquoise"
"COX7C","black"
"ACOT7","red"
"SYTL4","pink"
"TBCE","brown"
"WDR54","red"
"RFX1","greenyellow"
"DUSP26","green"
"ATP6V1E2","turquoise"
"PTK2","brown"
"NPDC1","yellow"
"GJA9","grey"
"BUD23","grey"
"ETFA","turquoise"
"EML2","grey"
"DHRS3","yellow"
"CUEDC2","green"
"PPM1F","grey"
"NET1","grey"
"GPER1","magenta"
"MRPL33","brown"
"AKT1S1","grey"
"HAUS4","grey"
"GRM4","midnightblue"
"PAM16","green"
"NDUFB1","brown"
"CCDC121","grey"
"NELFE","red"
"MRPS31","brown"
"ATG101","green"
"EIF3M","brown"
"CLTB","green"
"APBB1","green"
"FAM131A","grey"
"IARS1","brown"
"TREX1","grey"
"TNNC1","grey"
"TNNT3","grey"
"SARAF","brown"
"TMEM62","turquoise"
"ADM","blue"
"SSBP4","yellow"
"TLE4","blue"
"MAP4K4","green"
"ZMYM2","brown"
"EOLA1","turquoise"
"ZMYND8","grey"
"TKT","grey"
"CMTM4","green"
"SEMA6A","grey"
"ECI1","grey"
"TAF9","turquoise"
"PABPC3","yellow"
"LTC4S","red"
"EMILIN1","red"
"CTPS2","blue"
"ELOVL5","red"
"SLC38A7","turquoise"
"LGMN","pink"
"SLK","brown"
"CRY1","greenyellow"
"UCK1","green"
"CPNE1","blue"
"POLR2M","turquoise"
"TP53I3","grey"
"MRPL49","blue"
"SLC4A11","red"
"CWF19L2","blue"
"DPP4","pink"
"PHF5A","grey"
"RBM10","grey"
"PRKDC","grey"
"TMUB1","green"
"DUSP14","grey"
"SELENOO","grey"
"TTF1","green"
"SUB1","brown"
"MCEE","brown"
"ITPR3","red"
"ZFR","brown"
"ACTR10","brown"
"NMD3","brown"
"ELOB","grey"
"CYB561A3","grey"
"EIPR1","green"
"JKAMP","brown"
"DCUN1D4","brown"
"CLUAP1","grey"
"TIMM9","brown"
"RGS6","grey"
"ENTREP1","grey"
"CLIP4","grey"
"LEFTY2","grey"
"SP110","magenta"
"FSAF1","grey"
"WBP2","grey"
"POLR2I","green"
"CTXN1","midnightblue"
"USP9X","grey"
"MFSD1","brown"
"POLK","yellow"
"STAT2","magenta"
"RBCK1","yellow"
"ARFGAP3","salmon"
"F10","pink"
"SOX13","red"
"RNF146","turquoise"
"CHRND","grey"
"BLVRA","brown"
"RASA3","blue"
"APPBP2","blue"
"FHIT","turquoise"
"ANXA11","yellow"
"TMEM184C","black"
"DPF3","turquoise"
"STEEP1","grey"
"VPS36","brown"
"TNFRSF10A","grey"
"NUDT15","green"
"TBC1D17","grey"
"SACM1L","grey60"
"CCDC12","yellow"
"ATP6V0E1","grey"
"POLR3E","turquoise"
"RPS13","grey60"
"MAML3","cyan"
"DHX36","green"
"SPHK2","pink"
"EAPP","pink"
"GANAB","grey"
"ARCN1","greenyellow"
"POM121","blue"
"PDE2A","grey"
"HNRNPA3","blue"
"UGCG","cyan"
"EXOSC8","blue"
"PIGN","turquoise"
"UBE2G2","green"
"PSIP1","purple"
"SEMA4B","grey"
"ATXN2","blue"
"BCHE","grey"
"FIBP","green"
"BRIX1","purple"
"GARRE1","blue"
"DCAF13","turquoise"
"UBE2E1","turquoise"
"ZNF621","turquoise"
"GALNT11","turquoise"
"ALG14","salmon"
"RAB3GAP2","brown"
"HSF1","green"
"PNP","red"
"RTN4","grey"
"SIX5","blue"
"SLC36A2","brown"
"TRAK1","turquoise"
"RCL1","grey"
"LNX2","grey"
"RHBDF2","lightgreen"
"ILF3","grey"
"IPO11","green"
"PSENEN","green"
"MDGA1","midnightblue"
"ZFP62","grey"
"TSPAN6","brown"
"PDE1A","pink"
"RRM1","grey"
"NCKAP1L","tan"
"CCT3","green"
"VDAC2","lightcyan"
"PALLD","purple"
"ANKDD1A","pink"
"ENKUR","grey"
"GBP1","magenta"
"ADGRF5","blue"
"SLC27A5","green"
"NBPF15","greenyellow"
"DNAJC10","black"
"RFTN2","magenta"
"UBE2N","grey"
"CEBPZ","grey60"
"UQCRQ","turquoise"
"ANKFY1","blue"
"MRTFA","grey"
"NOC4L","grey"
"TBX10","midnightblue"
"KMT5B","blue"
"ATPAF1","brown"
"PLIN1","blue"
"ZNF516","black"
"FOXRED1","lightcyan"
"CUX1","black"
"FANCL","blue"
"SLC28A1","midnightblue"
"RAB3IP","grey"
"AKAP8","blue"
"VCP","grey"
"USP28","green"
"RPAP2","cyan"
"LRSAM1","blue"
"ANGPT4","grey"
"ACAA1","green"
"TMEM132A","midnightblue"
"DPY19L2","turquoise"
"KRTAP10-10","turquoise"
"EPS15L1","turquoise"
"ORC3","brown"
"CD48","tan"
"HMGCR","purple"
"M6PR","grey"
"TDG","salmon"
"PELI1","pink"
"IL1RAP","yellow"
"LRP5","grey"
"CFAP107","blue"
"TACO1","lightcyan"
"FNDC3A","grey60"
"SDF2L1","grey"
"NPC1","blue"
"LSMEM2","turquoise"
"CNN2","midnightblue"
"NCOA6","blue"
"GULP1","turquoise"
"FAM174A","green"
"RAB18","turquoise"
"CUL1","grey"
"NR4A3","grey"
"YRDC","grey"
"ANGPTL7","grey"
"NDUFA2","turquoise"
"GOLT1B","black"
"ASB1","green"
"SEC62","brown"
"PIAS3","yellow"
"CSGALNACT2","turquoise"
"AASDHPPT","brown"
"AP2S1","blue"
"RAB21","green"
"DCTN5","grey"
"MACIR","grey"
"HACL1","grey"
"C17orf75","turquoise"
"TLR2","tan"
"HTR7","green"
"HNRNPL","grey"
"TRIM47","red"
"INPPL1","lightcyan"
"OSGEP","grey"
"SNRPG","turquoise"
"ZC2HC1C","grey"
"RALGPS1","turquoise"
"LRRC28","green"
"NFIB","grey"
"CENPBD2P","green"
"CHFR","turquoise"
"RBMX2","midnightblue"
"ASH2L","blue"
"SLC44A1","purple"
"SMARCA2","grey"
"SLC25A43","pink"
"ARHGAP15","tan"
"NPM1","grey"
"H4C4","grey"
"FRMPD1","midnightblue"
"WDSUB1","grey60"
"CLEC1A","magenta"
"ARMCX1","brown"
"IFNGR2","grey"
"SCYL2","turquoise"
"CSF3R","grey"
"ZMYM6","yellow"
"PLSCR3","red"
"SMR3A","midnightblue"
"MMGT1","brown"
"SLC25A26","green"
"NSRP1","brown"
"CLASP1","greenyellow"
"NFE2L2","purple"
"WDR25","grey"
"GAL3ST2","midnightblue"
"GNL3","green"
"SLC13A3","turquoise"
"TEAD4","grey"
"NDUFAB1","turquoise"
"ELAC2","grey"
"RIMKLA","midnightblue"
"OGT","blue"
"SIRT1","grey60"
"CYB5D2","turquoise"
"DYNC1LI2","yellow"
"RNF26","grey"
"PPP3CC","purple"
"EID2","grey"
"MYH2","black"
"NAB1","magenta"
"TNFAIP3","turquoise"
"KLF12","grey60"
"MRPS7","turquoise"
"NLN","grey"
"LSM4","green"
"NCLN","green"
"MTERF2","black"
"EXOSC1","lightgreen"
"UBA7","magenta"
"GSE1","grey"
"DIABLO","black"
"PRKACA","green"
"RMP64","brown"
"YKT6","brown"
"AURKAIP1","green"
"BCR","midnightblue"
"EIF4E","turquoise"
"CNBD1","grey"
"RNF167","grey"
"NFU1","turquoise"
"PHLDA2","red"
"VASH1","red"
"ATOX1","grey"
"PPP1R16B","red"
"YTHDC2","brown"
"MTFMT","turquoise"
"AP4M1","grey"
"KIAA1143","black"
"PGAP6","green"
"C8orf34","grey"
"KCND3","midnightblue"
"YIPF4","black"
"IL13RA1","blue"
"RABGGTA","green"
"EEF1B2","grey"
"ARPC2","turquoise"
"SPAG9","green"
"UFSP2","brown"
"H2BC6","grey"
"EVA1C","blue"
"OCIAD1","black"
"RDH14","grey"
"FN3KRP","blue"
"PLA2G12A","black"
"BORCS6","red"
"DNAJC8","red"
"TFPI2","grey"
"LZTS3","grey"
"DNAJC30","yellow"
"ALDH8A1","grey"
"ZMYND19","grey"
"GSKIP","turquoise"
"NTF4","green"
"ERP27","grey"
"CABP2","midnightblue"
"SMIM8","turquoise"
"SH3BP1","tan"
"DGKZ","turquoise"
"SHOC2","turquoise"
"OFD1","black"
"MED22","red"
"SEPTIN9","green"
"ARMCX5","turquoise"
"NR4A2","yellow"
"FBXO9","brown"
"GFPT2","pink"
"HPGDS","pink"
"ZW10","turquoise"
"HEBP1","grey"
"PITPNC1","greenyellow"
"PSMD3","green"
"RANBP2","blue"
"LMNA","red"
"CST6","yellow"
"BCLAF1","purple"
"COX4I1","turquoise"
"GPR37","salmon"
"CDC5L","turquoise"
"UPF1","grey"
"RAD1","green"
"HDAC3","brown"
"NFATC2IP","grey"
"BAG6","grey"
"CYP46A1","grey"
"KLHL22","lightcyan"
"ATRX","brown"
"KARS1","grey"
"PSMB5","green"
"COMP","grey"
